chapter_no,chapter_title,repo_status,represented_sections,tracked_key_theorems,proved_tracked_theorems,edition_gap_units,completion_read,proved_key_theorem_groups,remaining_edition_gaps,evidence_source,notes
1,The Role of Algorithms in Computing,expository,Chapter_01,0,0,0,The fourth-edition native Sections Chapter_01 prove 0 tracked theorem entries,Project conventions and reader contract,None,CLRSLean/FourthEdition/Chapter_01.lean; CLRSLean/Chapter_01.lean,Canonical fourth-edition Chapter 1 formalizes natively the represented sections. Source note: No formal theorem target.
2,Getting Started,main-proof-complete,2.1;2.2;2.3,20,20,0,The fourth-edition native Sections 2.1;2.2;2.3 prove 20 tracked theorem entries,Insertion sort sortedness and permutation; insertion-sort quadratic comparison bound; insertion-sort complete symbolic line-cost formula; insertion-sort best-case exact line counts and running time; insertion-sort worst-case exact line counts and running time; explicit costed MERGE; MERGE sortedness and permutation preservation; MERGE exact output length; MERGE linear head-comparison bound; MERGE exact output-write count; merge-sort sortedness/permutation; power-of-two closed form; exact-power Theta(n log n) via the Master Theorem; all-input Theta(n log n) (theta_n_log_n_all_inputs) via the Chapter 4.6 floor/ceiling sandwich bridge; executable recursive merge sort through the locally verified MERGE; executable merge-sort erasure to the public mergeSort value; execution-derived floor/ceiling recurrence and all-input Theta(n log n),None,CLRSLean/FourthEdition/Chapter_02.lean; CLRSLean/FourthEdition/Chapter_02/Section_02_2_Analyzing_Algorithms/LineCost.lean; CLRSLean/FourthEdition/Chapter_02/Section_02_2_Analyzing_Algorithms/LineCost/Formula.lean; CLRSLean/FourthEdition/Chapter_02/Section_02_2_Analyzing_Algorithms/LineCost/BestWorst.lean; CLRSLean/FourthEdition/Chapter_02/Section_02_3_Designing_Algorithms/Merge.lean; CLRSLean/FourthEdition/Chapter_02/Section_02_3_Designing_Algorithms/Merge/Correctness.lean; CLRSLean/FourthEdition/Chapter_02/Section_02_3_Designing_Algorithms/Merge/Cost.lean; CLRSLean/FourthEdition/Chapter_02/Section_02_3_Designing_Algorithms/MergeSort.lean; CLRSLean/FourthEdition/Chapter_02/Section_02_3_Designing_Algorithms/MergeSort/Correctness.lean; CLRSLean/FourthEdition/Chapter_02/Section_02_3_Designing_Algorithms/MergeSort/Cost.lean; CLRSLean/Chapter_02.lean; Tests/Chapter_02_LineCost_Interface.lean; Tests/Chapter_02_Merge_Interface.lean; Tests/Trust/Chapter_02.lean; CLRSLean/Status.lean; CLRSLean/FourthEdition/Chapter_02/Section_02_2_Analyzing_Algorithms.lean; Tests/Chapter_02_WorstCase_Interface.lean,Canonical fourth-edition Chapter 2 formalizes natively the represented sections. Source note: Section 2.2 formalizes all seven symbolic line costs their trace-derived execution counts the complete textbook T(n) sum and exact best/worst substitutions; the local costed MERGE proves sortedness permutation exact length a linear head-comparison bound and exactly one output write per input element; the executable recursive merge sort calls that MERGE at every combine node preserves sortedness and occurrences erases to the public mergeSort value and derives its floor/ceiling recurrence and all-input Theta(n log n) work bound from execution counters. Non-blocking scope note: Operational mutable-array allocation word-RAM semantics and exercises remain optional strengthenings. The actual recursive insertion comparison counter is universally bounded by the triangular budget; an explicit descending input family attains it for every size. insertionSortWorstComparisons_isGreatest and insertionSortComparisons_worst_case_theta identify the maximum actual run count and its quadratic Theta bound. Symbolic t_i line-count inputs are not extracted or certified as realizable execution traces.
3,Characterizing Running Times,main-proof-complete,3.1;3.2;3.3,71,71,0,The fourth-edition native Sections 3.1;3.2;3.3 prove 71 tracked theorem entries,CLRS textbook-form asymptotic bridges; strict o/omega characterizations and transitivity; real-domain asymptotic variants; shared-threshold two-sided Theta witness; monotonicity definitions; textbook floor/ceiling/remainder identities; polynomial leading-term Theta theorem; natural and real exponent identities; exponential and logarithmic series inequalities and limits; real-exponent polynomial-vs-exponential and polylog-vs-polynomial bridges; explicit Stirling formula and exact Robbins refinement; function iteration; Fibonacci and golden-ratio definitions; concrete lgStar values; extended hierarchy through fractional powers n^(log n) exponentials factorial and n^n; harmonic and log-base-change facts; Fibonacci growth via Binet and closest-integer bound,None,CLRSLean/FourthEdition/Chapter_03.lean; CLRSLean/FourthEdition/Chapter_03/Section_03_1_Asymptotic_Notation/CLRSBridge.lean; CLRSLean/FourthEdition/Chapter_03/Section_03_2_Standard_Functions/TextbookIdentities.lean; CLRSLean/FourthEdition/Chapter_03/Section_03_2_Standard_Functions/Robbins.lean; CLRSLean/FourthEdition/Chapter_03/Section_03_2_Standard_Functions/GrowthBridges.lean; CLRSLean/FourthEdition/Chapter_03/Section_03_2_Standard_Functions/GrowthHierarchy.lean; CLRSLean/Chapter_03.lean; Tests/Chapter_03_Asymptotic_Bridge_Interface.lean; Tests/Chapter_03_Textbook_Identities_Interface.lean; Tests/Chapter_03_Growth_Bridges_Interface.lean; Tests/Trust/Chapter_03.lean; CLRSLean/Status.lean,Canonical fourth-edition Chapter 3 now closes all 21 MINOR items from the 2026-08-17 semantic audit with explicit textbook bridges and small theorem modules. Strict little-o and little-omega equivalences state the necessary eventual positivity hypotheses. Exercises and machine-level cost models remain outside the advertised boundary.
4,Divide-and-Conquer,main-proof-complete,4.1;4.2;4.3;4.4;4.5;4.6;4.7,104,104,0,"The 104 tracked groups retain their inventory; repair #348 additionally connects power-of-two matrix execution to scalar work, proves actual rounded-tree Theta bounds, derives Master case 3 from forcing regularity, and covers all nonnegative Akra-Bazzi exponents under the stated model.",Strassen 2x2 block algebra; recursive Strassen algorithm with correctness and padding; Strassen Theta(n^(log2 7)) runtime via Master case 1; substitution templates; fixed-depth recursion-tree expansions; IntegerBranchingSpec.build_totalCost_eq; balancedIntegerTree_totalCost_eq; unbalancedIntegerTree_totalCost_eq; unbalancedIntegerTree_has_unequal_depth; balancedIntegerCost_floorRecurrence; exact-power Master cases; floor/ceiling all-input transfer and discrete Master wrappers; real-log case-1 bridge; real-log-log case-2 bridge; case-3 regularity bridge from tailDominatedScale to the forcing function; master_case2_polylog_forcing; master_case2_polylog_forcing_all_input; recursive naive square-matrix multiplication and Theta(n^3) runtime; continuous master theorem geometric-series core and three cases; Akra-Bazzi root equation and single-branch corollary; MatrixExecution.mulWithCost_correct; MatrixExecution.strassenWithCost_correct; MatrixExecution.mulWithCost_theta; MatrixExecution.strassenWithCost_theta; balancedIntegerCost_isBigTheta; unbalancedIntegerCost_isBigTheta; master_case3_of_eventual_regularity; akraBazzi_bigTheta_nonneg,None,CLRSLean/FourthEdition/Chapter_04.lean; CLRSLean/FourthEdition/Chapter_04/Section_04_4_Recursion_Tree_Method.lean; CLRSLean/FourthEdition/Chapter_04/Section_04_4_Recursion_Tree_Method/Branching/IntegerTree.lean; CLRSLean/Chapter_04.lean; CLRSLean/Chapter_04/Section_04_2_Strassen_Algorithm.lean; CLRSLean/FourthEdition/Chapter_04/Section_04_1_Multiplying_Square_Matrices.lean; CLRSLean/FourthEdition/Chapter_04/Section_04_6_Continuous_Master_Theorem.lean; CLRSLean/FourthEdition/Chapter_04/Section_04_7_Akra_Bazzi.lean; Tests/Chapter_04/IntegerBranchingTree.lean; Tests/Trust/Chapter_04.lean; CLRSLean/Status.lean; CLRSLean/FourthEdition/Chapter_04/MatrixExecution.lean; CLRSLean/FourthEdition/Chapter_04/Section_04_7_Akra_Bazzi/Generalized.lean; tests/Chapter_04_MatrixExecution.lean; tests/Chapter_04_IntegerTreeBounds.lean; tests/Chapter_04_MasterRegularity.lean; tests/Chapter_04_AkraCoverage.lean,"The canonical fourth-edition ledger excludes 14 maximum-subarray groups recorded in the online-material ledger. All sections 4.1-4.7 are native fourth-edition sections. The §4.4 integer-tree execution uses natural-size well-founded recursion and explicit Real-valued local/base costs; it does not claim low-level stack allocation or RAM costs. Source note: The maximum-subarray metric counts recursive frames scan transitions and constant-size candidate choices; its scan counters are proved from the costed scan executions; it excludes explicit split-tree construction integer arithmetic List allocation/copying garbage collection and RAM semantics. Repair #348 boundary: scalar-operation counts on side lengths 2^k only; padOne embeds one such square at the next depth. Rounded examples assume positive local coefficient and nonnegative base. Master regularity theorem is exact-power. Akra-Bazzi covers all p,q>=0 under monotone two-sided monomial forcing and explicit floor recurrence; broader perturbations are not claimed. Tracked counts are inventory groups, not a raw declaration census."
5,Probabilistic Analysis and Randomized Algorithms,main-proof-complete,5.1;5.2;5.3;5.4,26,26,0,The fourth-edition native Sections 5.1;5.2;5.3;5.4 prove 26 tracked theorem entries,Hiring problem finite rank-symmetry probability; harmonic expectation; logarithmic asymptotic expected-hires theorem; hat-check expected fixed points equal 1 via indicators and permutation symmetry; RANDOMIZE-IN-PLACE uniform permutation (Lemma 5.4) via choice-vector bijection; birthday-paradox expected collisions k(k-1)/(2n); balls-and-bins expected occupancy k/n; longest-streak tail bound n/2^t; expected-longest-streak upper bound expectedLongestStreak_le (E[L] <= log2 n + 2) via the tail-sum identity expectedLongestStreak_eq_tailSum; expected-longest-streak lower bound expectedLongestStreak_lowerBound (E[L] >= log2 n / 8 for n >= 16) via the block-partition exact count prob_noFullHeadBlock = (1 - 2^-k)^m and the layer-cake lower bound expectedLongestStreak_ge_mul_tail; executable on-line threshold strategy with exact some/none contracts and finite success-probability definition; on-line hiring success-probability closed form probHireBest_eq = (k/n)(H_{n-1} - H_{k-1}) via the per-position probability probBestAt and the harmonic-difference sum sum_recip_Icc_eq_harmonic_sub; on-line hiring 1/e asymptotic probHireBest_asymptotic: the success probability for the threshold floor(n/e) tends to 1/e via floor asymptotics and the Euler-Mascheroni harmonic difference; executable HIRE-ASSISTANT pseudocode (recordsFrom/hireAssistant with step correctness and bounds),None,CLRSLean/FourthEdition/Chapter_05.lean; CLRSLean/Chapter_05.lean; CLRSLean/Chapter_05/Section_05_4_Probabilistic_Analysis.lean; CLRSLean/Chapter_05/Section_05_4_Probabilistic_Analysis/OnlineHiring.lean; Tests/Chapter_05_Interface.lean; CLRSLean/Status.lean,"Canonical fourth-edition Chapter 5 formalizes natively the represented sections. Source note: Uses finite discrete uniform probability over rank symmetry uniform permutations product-uniform sample spaces and independent-swap-choice sample spaces; the expected longest streak is now Θ(log n): E[L] ≤ log2 n + 2 and E[L] ≥ log2 n / 8 for n ≥ 16, and the on-line hiring success closed form (k/n)(H_{n-1} - H_{k-1}) with its 1/e asymptotic for the threshold floor(n/e) are proved; the executable HIRE-ASSISTANT pseudocode is now formalized with its step-correctness recurrence. Repair #349: section introduction and public checks now expose both existing longest-streak expectation bounds, with the lower bound restricted to n>=16."
6,Heapsort,main-proof-complete,6.1;6.2;6.3;6.4;6.5,85,85,0,The fourth-edition native Sections 6.1;6.2;6.3;6.4;6.5 prove 85 tracked theorem entries,Indexed heap predicates; MAX-HEAPIFY repair; BUILD-MAX-HEAP; in-place heapsort invariant and correctness; costed heapify/build/heapsort erasure; tight O(log n)/O(n)/O(n log n) bounds plus coarse regression envelopes; checked active-prefix MAX-HEAP-INSERT with exact state semantics and logarithmic bubbling cost,None,CLRSLean/FourthEdition/Chapter_06.lean; CLRSLean/FourthEdition/Chapter_06/Section_06_5_Priority_Queues/Insert.lean; CLRSLean/FourthEdition/Chapter_06/Section_06_5_Priority_Queues/Insert/Checked.lean; CLRSLean/FourthEdition/Chapter_06/Section_06_5_Priority_Queues/Insert/Cost.lean; CLRSLean/Chapter_06.lean; CLRSLean/Chapter_06/Section_06_4_Heapsort/CostedExecution.lean; Tests/Chapter_06_Interface.lean; Tests/Chapter_06_Heap_Insert_Interface.lean; Tests/Chapter_06_ArrayHeapInsert_Interface.lean; CLRSLean/Status.lean,"Canonical fourth-edition Chapter 6 formalizes natively the represented sections. The checked list-backed MAX-HEAP-INSERT accepts exactly heapSize ≤ backing length, inserts a new cell between the active prefix and inactive tail, grows heap size and backing length by one, preserves the heap, and adds exactly the requested key. Its costed controller erases to the existing upward-bubbling implementation and visits at most floor(log₂(heapSize + 1)) + 1 frames. Guards, persistent-List operations, allocation, and imperative RAM behavior are not charged. Repair #350: ArrayMaxHeapFrom constrains all parent indices >= start, a stronger precondition than the descendant subtree alone; historical repair_subtree name is retained for compatibility."
7,Quicksort,main-proof-complete,7.1;7.2;7.3;7.4,34,34,0,"All 34 tracked theorem entries are proved: functional quicksort correctness, the deterministic quadratic bound, the randomized expected-comparison closed form, and the §7.4 expected running time Θ(n log n)",Partition correctness; scan-state partition loop; mutable-Array PARTITION refinement (partitionOnArray); quicksort sortedness/permutation; quadratic comparison bound; randomized-quicksort expected-comparison named closed form and harmonic bounds; random-permutation first-choice symmetry; pairwise comparison probability compared_prob = 2/(j-i+1); sum_compared_prob_eq_expectedComparisons bridge; expectedComparisons_isBigTheta_nlogn; expectedRunningTime (expected running time = expected comparisons); expectedRunningTime_eq_sum_compared_prob (indicator decomposition E[X] = Σ 2/(j-i+1)); expectedRunningTime_le_two_mul (E[X] ≤ 2n·H_n); expectedRunningTime_isBigTheta_nlogn (Theorem 7.1: expected running time Θ(n log n)),None,CLRSLean/FourthEdition/Chapter_07.lean; CLRSLean/Chapter_07.lean; CLRSLean/Chapter_07/Section_07_1_Description_Of_Quicksort.lean; CLRSLean/Chapter_07/Section_07_2_Performance_Of_Quicksort.lean; CLRSLean/Chapter_07/Section_07_3_Randomized_Quicksort.lean,"Chapter 7 is main-proof-complete: functional quicksort correctness (7.1), the deterministic quadratic upper bound (7.2), the randomized expected-comparison closed form and Θ(n log n) asymptotic (7.3), and the §7.4 expected running time analysis E[X] = Σ P[compared] = Θ(n log n) (Theorem 7.1). Lower-level index-level mutable-array PARTITION refinement, RAM cost, and sharp tail bounds remain optional refinements."
8,Sorting in Linear Time,main-proof-complete,8.1;8.2;8.3;8.4,58,58,0,The 58-group inventory is retained; repair #351 adds actual reachable-run lower bounds and binds public counting/radix/bucket sorting to counted indexed execution.,comparisonSort_exists_run_lowerBound; SortTree.runWithCost_result; stable counting specification; CountingExecution.distribute_get; CountingExecution.execute_result; execute_controllerVisits; execute_indexedWork; MutableOutput.countingSortArray_eq_scatter; radixSortByWithCost_result; radixSortByWithCost_cost_eq; radixSortByWithIndexedWork_cost_eq; radix numeric-order correctness; bucketSortByRank_eq_spec; bucketSortByRank_correct; BucketExecution.insertionWithCost_work_le_sq; bucketSortByRankWithCost_work_le; bucketExecutionWork_le_budget; expectedBucketExecutionWork_le; expectedBucketExecutionWork_isBigO; retained finite-uniform occupancy second-moment and abstract budget expectation theorems,None,CLRSLean/FourthEdition/Chapter_08.lean; CLRSLean/Chapter_08.lean; CLRSLean/Chapter_08/Section_08_1_Lower_Bound_For_Sorting.lean; CLRSLean/Chapter_08/Section_08_2_Counting_Sort.lean; CLRSLean/Chapter_08/Section_08_2_Counting_Sort/CountTables.lean; CLRSLean/Chapter_08/Section_08_2_Counting_Sort/MutableOutputArray.lean; CLRSLean/Chapter_08/Section_08_3_Radix_Sort.lean; CLRSLean/Chapter_08/Section_08_4_Bucket_Sort.lean; CLRSLean/Status.lean; Tests/Chapter_08_Interface.lean; CLRSLean/FourthEdition/Chapter_08/Section_08_1_Lower_Bound_For_Sorting/Execution.lean; CLRSLean/FourthEdition/Chapter_08/Section_08_2_Counting_Sort/Execution.lean; CLRSLean/FourthEdition/Chapter_08/Section_08_4_Bucket_Sort/ExpectedExecution.lean; tests/Chapter_08_ReachableLowerBound.lean; tests/Chapter_08_CountingExecution.lean; tests/Chapter_08_BucketInsertion.lean; tests/Chapter_08_BucketExecution.lean; tests/Trust/Chapter_08.lean,"Repair #351: actual interpreter comparison counts; stable indexed-bucket counting implementation (not literal cumulative-counter decrement scatter); returned controller/indexed ledgers for counting and radix; public bucket execution now uses indexed distribution and counted insertion. Existing bucketSortByRankCost remains an abstract budget. Per-bucket WithCost_cost is now a true upper bound, replacing the detached exact quadratic charge. Primitive model excludes persistent-array copying, array/list view conversion, allocation internals and key-function internals. Bucket expectation is over independent uniform assignments; output sorting separately needs cross-bucket order. Tracked groups are an inventory, not a raw declaration count."
9,Medians and Order Statistics,main-proof-complete,9.1;9.2;9.3,72,72,0,The fourth-edition native Sections 9.1;9.2;9.3 prove 72 tracked theorem entries,Pairwise simultaneous minimum/maximum correctness; CLRS 3 floor(n/2) comparison bound; rank certificates; specification select; quickselect; pivot-parametric SELECT totality and correctness; five-element median certificate; grouped split counts; recursive median-of-medians pivot membership totality correctness and branch bound; linear recurrence induction; schedule-driven fresh-rank path cost erasure and rank correctness; pointwise actual-continuation-to-larger-side coupling; nested conditional-uniform RANDOMIZED-SELECT expectation; concrete-to-majorizer bridge; expected partition-work bound E[C] <= 4*c*n; end-to-end recursive median-of-medians comparison bound including nested pivot work <= 100n,None,CLRSLean/FourthEdition/Chapter_09.lean; CLRSLean/Chapter_09.lean; CLRSLean/Chapter_09/Section_09_1_Minimum_And_Maximum.lean; CLRSLean/Chapter_09/Section_09_2_Select_By_Rank.lean; CLRSLean/Chapter_09/Section_09_3_Deterministic_Select.lean; CLRSLean/Chapter_09/Section_09_3_Deterministic_Select/Randomized_Select.lean; Tests/Chapter_09_Interface.lean; Tests/Chapter_09_Closure.lean; CLRSLean/Status.lean,Canonical fourth-edition Chapter 9 formalizes natively the represented sections. Source note: No unfinished proof markers in the represented modules; randomized cost charges c*currentLength only and excludes RNG selectByRank specification sorting list primitives allocation and RAM work
10,Elementary Data Structures,main-proof-complete,10.1;10.2;10.3,21,21,0,Sections 10.1;10.2 and 10.3 are native with no edition-map coverage gaps remaining,Stack pop/push theorem; queue enqueue/dequeue theorems; array store read/write interface; array-backed stack push/pop with overflow and underflow; array-backed circular queue enqueue/dequeue with overflow and underflow and tail wrap; linked-list search and delete facts; rooted-tree rose/LCRS forest round-trip isomorphism and Equiv bijection; single-tree round trip; preorder and node-count structure preservation; ArrayStack.empty_valid; ArrayQueue.empty_valid; arrayPush_preserves_valid; arrayPop_preserves_valid; arrayEnqueue_preserves_valid; arrayDequeue_preserves_valid; listSearch_eq_none_iff; listSearch_eq_some_iff_firstIndex,None,CLRSLean/FourthEdition/Chapter_10.lean; CLRSLean/Chapter_10.lean; CLRSLean/Chapter_10/Section_10_4_Rooted_Trees.lean; CLRSLean/Status.lean; tests/Chapter_10_Validity.lean; tests/Trust/Chapter_10.lean,"All 21 selected entries are proved including the Section 10.1 array-backed stack and circular queue interface with overflow/underflow and wrap-around; pointer memory and free-list allocation remain optional low-level refinements. Repair #352: valid stack top and positive-capacity in-range queue pointers, guarded queue operations, validity-preserving transitions; general raw-array FIFO is not claimed. listDeleteAll removes every duplicate value; listSearch has complete none and first-index contracts. Rooted-tree heading uses fourth-edition §10.3."
11,Hash Tables,main-proof-complete,11.1;11.2;11.3;11.4;11.5,62,62,0,The fourth-edition native Sections 11.1;11.2;11.3;11.4;11.5 prove 62 tracked theorem entries,Direct-address insert/search/delete; deterministic chained hash insert/delete/search facts; finite-uniform singleton bucket probability; uniform-average additivity and nonnegativity; expected chain length equals load factor; unsuccessful-search cost equals one plus load factor and is at least one; finite insert increases total chain length load factor expected chain length and unsuccessful-search cost; SUHA true-expectation chain length and unsuccessful-search cost; SUHA pairwise collision probability equals one over m; SUHA successful-search cost equals one plus (n-1)/(2m); universal random hash-function expected collision and search-cost bounds; division and multiplication method range bounds; concrete prime-field affine universal family satisfying IsUniversal with instantiated collision and search-cost bounds; open-addressing functional model correctness; linear/quadratic/double hashing probe schemes; explicit uniform probe-permutation prefix counting; occupied-prefix event cardinality and probability equality to probeTail; concrete unsuccessful and successful probe-count expectations transported to Theorems 11.6-11.8; uniform-hashing tail probability bounds; expected unsuccessful/insertion/successful probe bounds; two-level perfect hashing O(1) worst-case search; collision-free secondary probability at least one half (Theorem 11.9); expected total secondary space below 2n (Theorem 11.10); finite truncated/fallback expected trials at most two; non-vacuous collision-free secondary hash; executed finite-fallback construction with expected primitive work <45n,None,CLRSLean/FourthEdition/Chapter_11.lean; CLRSLean/FourthEdition/Chapter_11/Section_11_4_Open_Addressing/UniformProbe.lean; CLRSLean/FourthEdition/Chapter_11/Section_11_4_Open_Addressing/UniformProbe/Counting.lean; CLRSLean/FourthEdition/Chapter_11/Section_11_4_Open_Addressing/UniformProbe/Probability.lean; CLRSLean/Chapter_11.lean; Tests/Chapter_11_Interface.lean; Tests/Trust/Chapter_11.lean; CLRSLean/Status.lean; CLRSLean/FourthEdition/Chapter_11/Section_11_5_Perfect_Hashing/Construction.lean; tests/Chapter_11_PerfectHashStoredDomain.lean,"Repair #353: secondary injectivity quantifies over stored keys only. Abstract constructionCost still has expected value <5n; actual successful primary/secondary array construction has conditional expected work <=9 times that budget and nested uniform expectation <45n. Hashes act on local bucket indices; original-key hash-program generation, allocation internals, and machine arithmetic are outside this result. Finite fallback expectation is not an infinite stopping-time theorem."
12,Binary Search Trees,main-proof-complete,12.1;12.2;12.3,44,44,0,The fourth-edition native Sections 12.1;12.2;12.3 prove 44 tracked theorem entries,Search; min/max; insertion; complete successor/predecessor specifications; functional delete membership and ordering; search and neighbor queries after updates; faithful zipper reconstruction; iterative search equivalence; transplant ordering preservation; deletion-via-transplant equivalence; parent-ascent successor/predecessor equivalence; imperative pointer-heap node/store model; heap-to-tree abstraction faithfulness; pointer frame rules; in-place TRANSPLANT refinement; pointer TREE-INSERT leaf-attachment refinement; O(h) height/cost model with search/min/max/successor/predecessor/insert/delete cost bounds; randomly-built-BST ancestor characterization (isAncestorOf_iff_firstInInterval); supplementary legacy ancestor probability 1/(|i-j|+1) (isAncestorOf_prob); expected-depth closed form and O(log n) bound (expected_depth_eq; expected_depth_le_two_harmonic; expected_depth_le_O_log); samplewise random-BST/reversed-priority height identity (height_buildFromPerm_eq_treapHeight); expected-height transfer (expected_height_eq_treap); CLRS Theorem 12.4 harmonic and logarithmic bounds (expected_height_le_thirty_harmonic; expected_height_le_O_log),None,CLRSLean/FourthEdition/Chapter_12.lean; CLRSLean/FourthEdition/Chapter_12/Section_12_1_Binary_Search_Trees.lean; CLRSLean/FourthEdition/Chapter_12/Section_12_1_Binary_Search_Trees/RandomConstruction.lean; CLRSLean/FourthEdition/Chapter_12/Section_12_1_Binary_Search_Trees/ExpectedHeight.lean; CLRSLean/Chapter_12.lean; CLRSLean/Chapter_12/Section_12_1_Binary_Search_Trees.lean; CLRSLean/Status.lean; Tests/Chapter_12_Interface.lean; Tests/FourthEdition_Chapter_12_ExpectedHeight_Interface.lean; Tests/Trust/Chapter_12.lean,"Canonical fourth-edition Chapter 12 formalizes natively the represented sections. Source note: The represented mathematical and refinement interfaces are complete. The supplementary legacy finite uniform-permutation model now proves both E[depth j] ≤ 2·Hₙ and the whole-tree CLRS Theorem 12.4 bound E[height] ≤ 30·Hₙ ≤ 30(1 + log n), via a samplewise insertion-order/reversed-priority height bridge and the kernel-checked exponential-tail union bound. Non-blocking scope note: pointer-level in-place delete and explicit operation-level RAM costs remain optional low-level refinements. Repair #354: fourth-edition main sections are only 12.1-12.3; random height is a supplementary legacy topic. Strict ordering and duplicate suppression implement key-set semantics. RepresentsW leaves stored parent fields unconstrained; pointer refinement covers child structure and footprints."
13,Red-Black Trees,main-proof-complete,13.1;13.2;13.3;13.4,40,40,0,The tracked functional red-black correctness groups remain proved; pointer rotations now have parent-aware representation and context refinement; insert/delete formulas are explicitly abstract budgets,Rotation membership; repaint membership; no-red-red; black-height; local red-black shape preservation; insertion-fixup certificates; executable insert and redBlackShape_insert; height_log_bound (Lemma 13.1); executable baldL/baldR/splitMin/join/del/delete; inTree_delete_iff; local delete-fixup membership and shape certificates; deficit-absorbing rebalancer certificates baldL_shape and baldR_shape; splitMin_invariant; del_invariant; redBlackShape_delete; BST ordering preservation of deletion (bst_delete) via the keys sublist pipeline (keys_baldL/keys_baldR/keys_splitMin_cons/keys_join/keys_del_sublist/bst_del); root and arbitrary-context pointer rotation refinement; unique parent-aware disjoint-footprint tree representation; logarithmic abstract descent/update budgets,None,CLRSLean/FourthEdition/Chapter_13.lean; CLRSLean/Chapter_13.lean; CLRSLean/Chapter_13/Section_13_1_Red_Black_Trees.lean; CLRSLean/Status.lean,"Repair #355: root/old-parent reconnection, sentinel exclusion, disjoint child footprints and parent relationships, unique tree interpretation, root/subtree/context rotation refinement. Functional WellFormed insertion/deletion correctness remains. insertCost/deleteCost omit complete balancing/join/pointer execution and are only analysis budgets; rotation budget 6 is an assignment upper bound."
14,Dynamic Programming,main-proof-complete,14.1;14.2;14.3;14.4;14.5,90,90,0,The tracked mathematical recurrence and optimality groups remain proved; separate stored-state executions now carry refinement and actual cell/candidate counters,Rod-cutting recurrence and optimal reconstruction; top-down memoized value/cache correctness; counted bottom-up rod array refinement and triangular candidate count; matrix-chain stored interval costs/splits and optimal reconstruction; generic append-only layer invariant and actual counters instantiated by interval clients; LCS rolling-row full-entry refinement and exact cell count; legacy LCS reconstruction correctness without quadratic runtime claim; OBST stored interval cost/weight/root refinement and optimal reconstruction for Nat weights,None,CLRSLean/FourthEdition/Chapter_14.lean; CLRSLean/Chapter_15.lean; CLRSLean/Chapter_15/Section_15_1_Rod_Cutting.lean; CLRSLean/Chapter_15/Section_15_2_Matrix_Chain_Multiplication.lean; CLRSLean/Chapter_15/Section_15_4_Longest_Common_Subsequence.lean; CLRSLean/Chapter_15/Section_15_5_Optimal_Binary_Search_Trees.lean; CLRSLean/FourthEdition/Chapter_14/Section_14_1_Rod_Cutting.lean; CLRSLean/FourthEdition/Chapter_14/Section_14_2_Matrix_Chain_Multiplication.lean; CLRSLean/FourthEdition/Chapter_14/Section_14_3_Elements_Of_Dynamic_Programming.lean; CLRSLean/FourthEdition/Chapter_14/Section_14_4_Longest_Common_Subsequence.lean; CLRSLean/FourthEdition/Chapter_14/Section_14_5_Optimal_Binary_Search_Trees.lean; Tests/FourthEdition_Chapter_14_Interface.lean; CLRSLean/Status.lean,"Repair #356: recursive matrixChainOpt/lcsLength/bottomUpOBST are reference specifications, not cached tabulation. New executors only read stored predecessors. Cost counts use primitive arithmetic, array/list and equality events; internal bit costs, persistent copying and peak-memory/stack bounds are excluded. OBST weights are nonnegative integers, not arbitrary real probabilities. Cardinality of cached states alone is not a once-per-state execution proof."
15,Greedy Algorithms,main-proof-complete,15.1;15.2;15.3;15.4,40,40,0,The 40 tracked greedy theorem groups remain proved within their declared contracts; empty-cache core is explicitly capacity one and general fill is a supplied-cost decomposition,Activity-selection recursive and iterative optimality with textbook-valid inputs and exact linear scan count; separated GreedyProblem properties and gsolve_optimal with a concrete activity-selection instance; Huffman V2 optimality equation (15.4) cost equivalence standalone Lemma 15.2/15.3 interfaces and list-comparison bound; heapHuffmanOfFreqs_eq (verified binary-heap refinement); heapHuffmanOfFreqs_correct (heap execution semantics and optimality); heapHuffmanOfFreqs_work_le_nlogn (attached O(n log n) controller cost); legal cache traces exchange and coupling; fifo_optimal plus literal-empty-start optimality and compulsory-fill bridge,None,CLRSLean/FourthEdition/Chapter_15.lean; CLRSLean/FourthEdition/Chapter_15/Section_15_1_Activity_Selection.lean; CLRSLean/FourthEdition/Chapter_15/Section_15_1_Activity_Selection/TextbookModel.lean; CLRSLean/FourthEdition/Chapter_15/Section_15_1_Activity_Selection/Iterative.lean; CLRSLean/FourthEdition/Chapter_15/Section_15_2_Greedy_Meta.lean; CLRSLean/FourthEdition/Chapter_15/Section_15_2_Greedy_Meta/ActivitySelection.lean; CLRSLean/FourthEdition/Chapter_15/Section_15_3_Huffman_Codes.lean; CLRSLean/FourthEdition/Chapter_15/Section_15_3_Huffman_Codes/TextbookCost.lean; CLRSLean/FourthEdition/Chapter_15/Section_15_3_Huffman_Codes/TextbookLemmas.lean; CLRSLean/FourthEdition/Chapter_15/Section_15_3_Huffman_Codes/Complexity.lean; CLRSLean/FourthEdition/Chapter_15/Section_15_3_Huffman_Codes/HeapExecution.lean; CLRSLean/FourthEdition/Chapter_15/Section_15_4_Offline_Caching/S3_Optimality.lean; CLRSLean/FourthEdition/Chapter_15/Section_15_4_Offline_Caching/Optimality/Trace/A6_Iteration.lean; CLRSLean/FourthEdition/Chapter_15/Section_15_4_Offline_Caching/EmptyStart.lean; Tests/Chapter_15_1_Iterative.lean; Tests/Chapter_15_2_Greedy_Meta.lean; Tests/Chapter_15_3_Textbook.lean; Tests/Chapter_15/HeapHuffman.lean; Tests/Chapter_15_4_Empty_Start.lean; Tests/Trust/Chapter_15.lean; CLRSLean/Status.lean,"The 2026-08-17 semantic audit's 11 MINOR findings are closed by small companion modules. Legacy Sections 16.1-16.3 still forward to the core sources. The list-based Huffman executable remains a simple reference with a quadratic comparison bound; the stable array binary-min-heap execution now refines it exactly and has an attached 4n(log₂(n+1)+1) heap-controller bound. Repair #357: the literal-empty core has capacity one after the first load, with an exact cardinality theorem. For capacity greater than one, the fill cost, resident cache and suffix are supplied to an arithmetic optimality bridge; no general-capacity empty-start fill execution is proved. Pointer/RAM implementations exercises and hardware caching costs remain outside the advertised mathematical boundary."
16,Amortized Analysis,main-proof-complete,16.1;16.2;16.3;16.4,69,69,0,The fourth-edition native Sections 16.1;16.2;16.3;16.4 prove 69 tracked theorem entries,Aggregate/accounting/potential telescoping; MULTIPOP; executable binary-counter one-step and multi-step trace bounds; dynamic-table potential nonnegativity; concrete amortized-cost unfoldings and transition/capacity wrappers; sharper load-factor potential and constant (≤ 3) insert/delete amortized bounds; interleaved insert/delete trace model with the whole-trace amortized telescope; linear (≤ 3n) total cost from the empty table; mixed stack command execution and returned-value trace; exact final-size plus pop conservation; total pops bounded by successful pushes from empty; charged work <=3n with initial-stack credit,None,CLRSLean/FourthEdition/Chapter_16.lean; CLRSLean/Chapter_17.lean; CLRSLean/Chapter_17/Section_17_1_Amortized_Framework.lean; CLRSLean/Chapter_17/Section_17_1_Amortized_Framework/Section_17_2_Stack_And_Counter.lean; CLRSLean/Chapter_17/Section_17_4_Dynamic_Tables.lean; Tests/Chapter_17_Interface.lean; CLRSLean/FourthEdition/Chapter_16/Section_16_1_Amortized_Framework/Section_16_2_Stack_And_Counter/StackExecution.lean; tests/Chapter_16_StackTrace.lean; tests/Trust/Chapter_16.lean,"Canonical fourth-edition Chapter 16 formalizes natively the represented sections. Source note: No sorry/admit/axiom in Chapter_17; the size-level represented theorem stack is complete, including the interleaved insert/delete trace amortized analysis (≤ 3 per operation, ≤ 3n in total from the empty table). Non-blocking scope note: general allocator / RAM cost semantics remain optional refinements. Repair #358: actual mixed PUSH/POP/MULTIPOP transitions and counters; overpop, empty pop and zero-pop requests are covered. Primitive controller and pushed/popped cell events exclude allocation internals."
17,Augmenting Data Structures,main-proof-complete,17.1;17.2;17.3,79,79,0,"Tracked augmentation and search groups remain proved; actual cached insertion maintenance, cardinal-rank semantics and equal-low interval insertion/search are now explicit",Size augmentation invariant; size recomputation; key preservation; size/rank-preserving local rotations; augmented rank-select correctness; generic rotation-invariant augmentation theorem (CLRS 14.1); interval overlap semantics and search specification; OSRBTree wellSized_insert and wellSized_delete with toRB refinement; generic AugmentedRBTree executable insertion and deletion with wellAugmented_insert and wellAugmented_delete for any augmentation; repaintRoot/rootBlack/baldL/baldR/splitMin/join/del/delete pipeline preserving WellAugmented; deletion refinement erasure toRB_delete with toRB_baldL/toRB_baldR/toRB_splitMin/toRB_join/toRB_del commutations; size and max-high instances recovered; Interval-keyed O(log n) search bound (intervalSearchCost_log_bound) via the low-keyed height erasure (toRB_low/intervalHeight_eq_toRB_height); rankOf_eq_card_lt; osRank_eq_card_lt; cached insert_refines and actual combine/rotation counters; full interval-key membership and BST insertion preservation; complete overlap search after legacy and cached insertion,None,CLRSLean/FourthEdition/Chapter_17.lean; CLRSLean/Chapter_14.lean; CLRSLean/Chapter_14/Section_14_1_Order_Statistic_Trees.lean; CLRSLean/Chapter_14/Section_14_3_Interval_Trees.lean; CLRSLean/Status.lean; CLRSLean/FourthEdition/Chapter_17/Section_17_1_Dynamic_Order_Statistics/RankCardinality.lean; CLRSLean/FourthEdition/Chapter_17/Section_17_2_Augmenting_Data_Structures/Execution.lean; CLRSLean/FourthEdition/Chapter_17/Section_17_3_Interval_Trees/Insertion.lean; CLRSLean/FourthEdition/Chapter_17/Section_17_3_Interval_Trees/CachedInsertion.lean; tests/Chapter_17_RankCardinality.lean; tests/Chapter_17_IntervalInsertion.lean; tests/Chapter_17_AugmentationExecution.lean,"Repair #359: interval ordering compares low then high, retaining equal-low distinct intervals. New post-insert contracts include membership, BST and complete overlap search. Cached insertion reads stored fields and counts actual local recomputations/rotations; old recomputing deletion remains uncounted, and old augmentationUpdateCost is only an independent budget. Rank cardinality requires strict BST and cached rank additionally WellSized. Input RB shape is explicit for logarithmic query/maintenance bounds; no unconditional interval shape closure is newly claimed."
18,B-Trees,main-proof-complete,18.1;18.2;18.3,147,147,0,The fourth-edition native Sections 18.1;18.2;18.3 prove 147 tracked theorem entries,Search and minimum-key facts; exact totalKeys node accounting; non-root augmented power lower bound; root empty-or augmented lower bound; structural minKeys wrappers; universal wellFormed_height_log_bound; split-child and non-full insertion invariants; abstract update membership specifications; top-level full-root insertion exact add-one List.Perm semantics WellFormed and conditional-height preservation membership and specification-search compatibility executable-search correctness and absent-key WellFormedUnique preservation; NodeWF DeleteReady KeysSubset and RootDeleteResult contracts; merge and rotation repair packets; exact parent reassembly; composedDelete structural preservation; raw and normalized Multiset.erase semantics under structural assumptions; different-key membership without uniqueness; raw uniqueness preservation from NodeWF and UniqueKeys; normalized deleted-key absence full membership characterization WellFormedUnique preservation and specification membership-oracle compatibility; search/insert/delete selected recursive-descent cost formulas with height+O(1) and O(log_t n) bounds,None,CLRSLean/FourthEdition/Chapter_18.lean; CLRSLean/Chapter_18.lean; CLRSLean/Chapter_18/Section_18_1_B_Tree_Model/HeightBound.lean; CLRSLean/Chapter_18/Section_18_2_B_Tree_Insertion.lean; CLRSLean/Chapter_18/Section_18_3_B_Tree_Deletion/KeyMultiset.lean; CLRSLean/Chapter_18/Section_18_3_B_Tree_Deletion/ExactReassembly.lean; CLRSLean/Chapter_18/Section_18_3_B_Tree_Deletion/Exact.lean; CLRSLean/Chapter_18/Section_18_3_B_Tree_Deletion/WellFormed.lean; Tests/Chapter_18_Search_Interface.lean; Tests/Chapter_18_Height_Interface.lean; Tests/Chapter_18_Insertion_Interface.lean; Tests/Chapter_18_KeyMultiset_Interface.lean; Tests/Chapter_18_Deletion_Reassembly_Interface.lean; Tests/Chapter_18_Deletion_Exact_Interface.lean; Tests/Chapter_18_Deletion_Root_Exact_Interface.lean; Tests/Chapter_18_Interface.lean; Tests/Chapter_18_Deletion_Interface.lean; Tests/Chapter_18_Root_Occupancy.lean; CLRSLean/Chapter_18/Section_18_1_B_Tree_Model/RunningTime.lean; Tests/Chapter_18_RunningTime_Interface.lean,"Canonical fourth-edition Chapter 18 formalizes natively the represented sections. Source note: The flat insert remains the specification layer and the transient empty parent used by splitRoot is not claimed WellFormed; no executable and specification tree-shape equality is claimed; the structural count uses List key slots without a uniqueness premise; the legal empty root is explicit; the O(log_t n) disk-access cost layer is proved against the executable search/insert/delete constructions; disk-page layout, pointer mutation, and RAM semantics remain optional low-level refinements. Repair #360: cost functions track recursive-descent charges and root-split budget. Split/borrow/merge reads/writes and max/min helper traversals are not individually counted. Historical diskAccessBound denotes the proved logarithmic descent envelope; no complete page-I/O domination theorem."
19,Data Structures for Disjoint Sets,main-proof-complete,19.1;19.2;19.3;19.4,84,84,0,The fourth-edition native Sections 19.1;19.2;19.3;19.4 prove 84 tracked theorem entries,Partition equivalence and exact merge semantics; operation-trace monotonicity; singleton linked lists; weighted-union exact refinement; representative invariant; per-rewrite size doubling; per-element log2 and aggregate n log2 n rewrite bounds; singleton Batteries forests; path-compressing find partition preservation and representative correctness; union-by-rank exact merge refinement; Boolean equivalence-query correctness; exact parent-edge traversal counter; conserved root-mass budget through find/link/union; costed execution erasure and abstract run refinement; per-find and per-union log2 bounds; whole-run m * (2 log2 n + 3) intermediate bound; inverse-Ackermann definition and minimality; Ackermann level/index node potential; path-compression potential monotonicity; equal-rank link pair bound and global link increase at most two; released/boundary/unpleasant path classification; per-find and per-union inverse-Ackermann amortized bounds; whole-run 9 * (m+n) * alpha(n) bound; 18 * m * alpha(n) corollary when n <= m; Chapter 23 union-find connectivity and cycle-test bridge; weighted-list mixed execution with actual changed-head ledger; initialized size/cardinality and representative invariants; aggregate rewrites <=n log2 n; partition and FIND-output refinement,None,CLRSLean/FourthEdition/Chapter_19.lean; CLRSLean/Chapter_21.lean; CLRSLean/Chapter_21/Section_21_1_Disjoint_Set_Operations.lean; CLRSLean/Chapter_21/Section_21_2_Linked_List_Representation.lean; CLRSLean/Chapter_21/Section_21_3_Disjoint_Set_Forests.lean; CLRSLean/Chapter_21/Section_21_4_Analysis.lean; CLRSLean/Chapter_21/Section_21_4_Analysis/CostedExecution.lean; CLRSLean/Chapter_21/Section_21_4_Analysis/InverseAckermann.lean; CLRSLean/Chapter_23/Section_23_2_Kruskal_And_Prim/S1_UnionFindBridge.lean; Tests/Chapter_21_Interface.lean; Tests/Chapter_23_UnionFind_Interface.lean; CLRSLean/FourthEdition/Chapter_19/Section_19_2_Linked_List_Representation/WeightedExecution.lean; tests/Chapter_19_WeightedExecution.lean; tests/Trust/Chapter_19.lean,"Canonical fourth-edition Chapter 19 formalizes natively the represented sections. Source note: No sorry/admit/axiom in the represented chapter; the concrete cost model counts actual parent traversals plus constant operation overhead and proves the advertised inverse-Ackermann bound. Non-blocking scope note: No remaining core Chapter 21 group; lower-level mutable-array/RAM constants and a stateful Chapter 23 Kruskal scan are separate refinements. Repair #361: weighted-list move events and totals are constructed from actual state transitions, not caller-supplied. Cost is representative-pointer changes plus optional abstract command charge; enumeration of audit events, function-map evaluation and linked-list allocation are excluded."
20,Elementary Graph Algorithms,main-proof-complete,20.1;20.2;20.3;20.4;20.5,50,50,0,The fourth-edition native Sections 20.1;20.2;20.3;20.4;20.5 prove 50 tracked theorem entries,"Finite directed graph with adjacency function; walk/path/cycle definitions; reachability; reflexivity/transitivity/adjacency lemmas; connected components; undirected graph symmetry; fuelled BFS soundness and completeness; BFS closure and termination measure; exact-edge ReachableIn and IsShortestDistance; labelled BFSState with distance and parent; bfsState projection to the reachability BFS; FIFO distance invariant; bfsState_distance_eq_some_iff; bfsState parent edge, unit-level, root-path, coverage, and acyclicity facts; bfsState_isBFSPredecessorTree; bfsState_correct; bfsStateWithCost_cost_le; functional DFS with colors, discovery/finish times, and parents; dfsWithCost_cost_eq; dfsWithCost_cost_le; global DFS color/timestamp invariants; finite white reachability; dfsVisit_blackens_iff_whiteReachable; ParenthesisInvariant; dfs_parenthesis; dfs_parenthesis_cases; dfs_intervals_not_cross; discovery-state and timestamp bridges; ancestor reachability; dfs_parent_discovery_lt; intervalNestedInside_dfs_implies_ancestor; intervalNestedInside_dfs_iff_ancestor; IsDFSTreeEdge; IsDFSBackEdge; IsDFSForwardEdge; IsDFSCrossEdge; dfs_edge_classification_unique; dfs_tree_or_forward_edge_iff_timestamps; dfs_back_edge_iff_timestamps; dfs_cross_edge_iff_timestamps; maximum-finish and first-discovery facts; SCC finish-time ordering; DAG predicate; indegree; Kahn topological sort correctness; isDAG_no_dfs_back_edge; dfs_finish_time_decreases_on_dag_edge; DFS finish-time order permutation and pairwise sorting; dfsTopologicalSort_isTopologicalOrder; transpose graph; strong connectivity and SCC predicates; collecting DFS; Kosaraju order properties; Kosaraju component strong connectivity and maximality; pairwise disjointness; coverage; unique membership; kosarajuComponents_isSCCPartition",None,CLRSLean/FourthEdition/Chapter_20.lean; CLRSLean/FourthEdition/Chapter_20/Section_20_2_BFS.lean; CLRSLean/FourthEdition/Chapter_20/Section_20_3_DFS/Cost.lean; CLRSLean/Chapter_22.lean; CLRSLean/Chapter_22/Section_22_1_Representing_Graphs.lean; CLRSLean/Chapter_22/Section_22_2_BFS.lean; CLRSLean/Chapter_22/Section_22_3_DFS.lean; CLRSLean/Chapter_22/Section_22_3_DFS/S1_WhitePath.lean; CLRSLean/Chapter_22/Section_22_3_DFS/S2_Intervals.lean; CLRSLean/Chapter_22/Section_22_3_DFS/S3_Bridge.lean; CLRSLean/Chapter_22/Section_22_3_DFS/S4_SCC.lean; CLRSLean/Chapter_22/Section_22_3_DFS/S5_EdgeClassification.lean; CLRSLean/Chapter_22/Section_22_4_Topological_Sort.lean; CLRSLean/Chapter_22/Section_22_5_Strongly_Connected_Components.lean; CLRSLean/Chapter_22/Section_22_5_Strongly_Connected_Components/MergeSortCongr.lean; CLRSLean/Status.lean; Tests/Chapter_22_Interface.lean; Tests/Chapter_22_Closure.lean; Tests/FourthEdition_Chapter_20_Cost_Interface.lean; Tests/Trust/Chapter_20.lean,"Canonical fourth-edition Chapter 20 formalizes natively the represented sections. Source note: DFS parenthesis, parent-forest ancestor/interval characterization, and unique edge classification are fully proved through dfs_parenthesis, intervalNestedInside_dfs_iff_ancestor, and dfs_edge_classification_unique; Kosaraju correctness is fully proved through scc_finish_time_order, scc_finish_order, kosarajuComponent_scc_core, and kosarajuComponents_isSCCPartition; the native cost interfaces now prove the BFS upper bound and the exact DFS cost |V|+|E|. Non-blocking scope note: No remaining core correctness group; explicit operation-level RAM semantics remains an optional refinement. Repair #362: topological sort and Kosaraju use finish-time merge sorting. Its work is outside the attached BFS/DFS controller counts, and no full O(V+E) runtime theorem is claimed for these sorting-based entry points. Semantic order and maximal-SCC partition correctness remain."
21,Minimum Spanning Trees,main-proof-complete,21.1;21.2,52,52,0,The fourth-edition native Sections 21.1;21.2 prove 52 tracked theorem entries,Finite edge-labelled graph and spanning-tree specification; safe-edge and cut-property theorem; canonical unique tree path and automatic exchange; complete sorted Kruskal MST theorem; real Chapter 21 costed union-find threaded through every Kruskal edge; connectivity invariant and mathematical-selection refinement; inverse-Ackermann scan bound and complete O(E log E) work composition; Prim key parent decrease-key and extract-min queue; concrete frontier provider; executable run refinement to PrimTrace; binary-heap O(E log V) operation-count theorem; complete Prim MST theorem; completion-derived Prim MST; cached array Prim correctness and actual cell-work/edge-visit/extraction bounds,None,CLRSLean/FourthEdition/Chapter_21.lean; CLRSLean/Chapter_23.lean; CLRSLean/Chapter_23/Section_23_1_Growing_Minimum_Spanning_Trees.lean; CLRSLean/Chapter_23/Section_23_2_Kruskal_And_Prim.lean; CLRSLean/Chapter_23/Section_23_2_Kruskal_And_Prim/S1_UnionFindBridge.lean; CLRSLean/Chapter_23/Section_23_2_Kruskal_And_Prim/S2_StatefulKruskal.lean; CLRSLean/Chapter_23/Section_23_2_Kruskal_And_Prim/S3_ExecutablePrim.lean; CLRSLean/Status.lean; Tests/Chapter_23_Interface.lean; Tests/Chapter_23_Closure.lean; Tests/Chapter_23_UnionFind_Interface.lean; Tests/Chapter_23_Implementation_Interface.lean; CLRSLean/FourthEdition/Chapter_21/Section_21_2_Kruskal_And_Prim/S4_Completion.lean; CLRSLean/FourthEdition/Chapter_21/Section_21_2_Kruskal_And_Prim/S6_ArrayPrim.lean; Tests/Chapter_21_PrimCompletion.lean; Tests/Chapter_21_CountedPrim.lean,"Prim completion derives a spanning certificate and MST from sufficient-fuel execution under connectedness, exact components and the existing crossing-edge identifier premise, without a supplied final certificate or initial MST. ArrayPrim executes cached array keys/parents over supplied adjacency rows, proving actual cell work <=2n²+5n+6E, at most n extractions and 2E row entries; n=V for a full vertex universe. Initialization is included; adjacency conversion, allocation and bit costs are not. The old heap expression is conditional, and Kruskal combines a sorting budget with the actual union-find scan."
22,Single-Source Shortest Paths,main-proof-complete,22.1;22.2;22.3;22.4;22.5,31,31,0,The fourth-edition native Sections 22.1;22.2;22.3;22.4;22.5 prove 31 tracked theorem entries,Finite weighted directed-graph model; walks and walk weights; Bellman-Ford correctness under global NoNegCycle and abstract O(VE) budget; DAG correctness for supplied topological order and abstract O(V+E) budget; nonnegative-weight Dijkstra greedy invariant and O(E log V) abstract work; DijkstraState dijkstraInit dijkstraInit_invariant dijkstraStep DijkstraInvariant dijkstraStep_invariant dijkstraLoop dijkstraLoop_invariant dijkstraLoop_finish dijkstraLoop_correct; difference-constraint feasibility iff no negative cycle; shortestDist distance function; noPath_iff_top; shortestDist_le_walkWeight; IsWalkFrom.append_edge; shortestDist_triangleInequality; subpath property (Lemma 22.10); convergence property (Lemma 22.14); path-relaxation property (Lemma 22.15); tight-edge predecessor property; constructed BFS shortest-path parent tree with acyclicity and weighted path coverage,None,CLRSLean/FourthEdition/Chapter_22.lean; CLRSLean/Chapter_24.lean; CLRSLean/Chapter_24/Section_24_1_Bellman_Ford.lean; CLRSLean/Chapter_24/Section_24_2_SSSP_In_DAGs.lean; CLRSLean/Chapter_24/Section_24_3_Dijkstra.lean; CLRSLean/Chapter_24/Section_24_4_Difference_Constraints.lean; CLRSLean/FourthEdition/Chapter_22/Section_22_5_Shortest_Path_Properties/PredecessorTree.lean; Tests/Chapter_22_PredecessorTree.lean,"Global NoNegCycle is a valid-input premise; no reachable-negative-cycle failure result. The O(VE) expression is a round/edge budget, not a counted stored implementation. Requires a supplied complete unique topological order, with no bridge from the Chapter 20 sorter. The V+E expression is an abstract budget. Nonnegative-weight greedy-loop correctness. The binary-heap expression is an independent backend budget, not attached to the abstract minimum selector. Fresh source reaches every variable; global absence of negative cycles characterizes feasibility. shortestPathTree builds tight edges from computed distances and returns BFS parents/depths; reachable coverage, weighted shortest parent paths and acyclicity hold even with zero-weight cycles. The legacy independent predecessor only proves edge tightness; no runtime claim for the new classical tree constructor. Exact-real graph construction remains classical; no machine-runtime or source-relative negative-cycle detector is claimed."
23,All-Pairs Shortest Paths,main-proof-complete,23.1;23.2;23.3,29,29,0,The fourth-edition native Sections 23.1;23.2;23.3 prove 29 tracked theorem entries,FASTER-APSP stabilization and shortest-distance correctness; Floyd-Warshall shortest-distance correctness; predecessor reconstruction walk validity and weight equality; negative-cycle detection; transitiveClosure_iff_exists_walk; Johnson augmented-graph no-negative-cycle preservation potential triangle inequality reweighting nonnegativity and johnsonDist_isShortestDist; johnsonPotential_finite; the general triangle inequality isShortestDist_edge_ineq; johnsonReweightedNonneg; and Theorem 25.6 johnsonAllPairsDist_correct (end-to-end Johnson correctness); FASTER-APSP repeated-squaring O(V^3 log V) work bound; Floyd-Warshall O(V^3) work bound; Johnson O(V^2 log V + V E log V) work bound; cycle-safe negative-cycle equivalence; stored matrix refinement and actual counts; stored Johnson scan-queue refinement and cubic scalar-operation bound,None,CLRSLean/FourthEdition/Chapter_23.lean; CLRSLean/Chapter_25.lean; CLRSLean/Chapter_25/Section_25_1_All_Pairs_Model.lean; CLRSLean/Chapter_25/Section_25_2_Floyd_Warshall.lean; CLRSLean/Chapter_25/Section_25_3_Johnsons_Algorithm.lean; CLRSLean/FourthEdition/Chapter_23/MatrixExecution/Reindex.lean; CLRSLean/FourthEdition/Chapter_23/Section_23_3_Johnsons_Algorithm/Execution.lean; Tests/Chapter_23_MatrixExecution.lean; Tests/Chapter_23_NegativeCycle.lean; Tests/Chapter_23_JohnsonExecution.lean,"Cycle-safe Floyd initialization preserves negative self-edges; the negative-diagonal test is equivalent to a negative closed walk, without NoNegCycle. Under NoNegCycle it agrees with legacy distances. MatrixExecution stores each prior table once and proves exact n³ Floyd updates, q*n³ min-plus candidate visits, separate table writes and n diagonal probes, over an explicit finite-carrier equivalence. JohnsonExecution stores BF rounds, potentials, reweighted matrix and each scan-queue source result on Fin n; actual work <=4n³+14n²+12n+4. Johnson assumes global NoNegCycle, has no failure result and does not implement the legacy heap budget. Models exclude exact-real primitive internals, indexed/dictionary lookup internals, allocation and bit costs."
24,Maximum Flow,main-proof-complete,24.1;24.2;24.3;24.4;24.5,35,35,0,35 proved tracked theorem entries across represented Sections 24.1;24.2;24.3;24.4;24.5 (the 18 §24.1-24.3 groups plus the 12 native §24.4 push-relabel groups and the 5 native §24.5 relabel-to-front counting groups); constructed sparse Edmonds-Karp and initialized relabel-to-front executions now connect returned maximum flow and stated work to their own traces,"FlowNetwork model and feasible Flow; flow value and Lemma 26.5 net-flow-across-cut identity; residual network and augmenting-path predicates; generic maximality from no augmenting path; easy MFMC direction cut-capacity-implies-maximal; residual path-length and shortest-distance helpers ResidualPathLength IsShortestDist isShortestDist_self IsShortestDist.unique isShortestDist_triangle ShortestAugmentingPath IsShortestDist.exists_predecessor ShortestAugmentingPath.shortest_prefix ShortestAugmentingPath.exists_shortestDist_le_augment and Lemma 26.7 shortest_path_nondec; the explicit shortest-path construction via back and shortestFlow.ResidualPath with exists_shortest_augmenting_path; the Edmonds-Karp loop ekStep ekIter with shortestAugmentingPath_iff_hasAugmentingPath exists_noAugmentingPath_ekIter and edmondsKarp_maximal; the critical-edge analysis isCritical exists_critical_edge shortest_edge_dist critical_dist_increase and critical_dist_increase_rev (Lemma 26.8), the timeline ekSeq ekPath criticalAt with distAt_mono exists_recovery_step criticalAt_growth and criticalAt_growth_strict, and the counting theorems critical_count_bound and augmentation_count_bound for the classical augmentation sequence; the executable BFS residualBFS with residualBFS_distanceInvariant residualBFS_queue_empty bfsState_distance_eq_some_iff bfsParentResidualPath bfs_shortestAugmenting and ekStep_shortest_path_bfs; BipartiteGraph Matching and unit-capacity toFlowNetwork; matchingFlowFunSummand and feasibility of matchingFlowFun; matchingToFlow and unconditional matchingToFlow_value; Flow.IsIntegral and integral bounds/conservation on L-R pairs; matchingOfIntegralFlow and matchingOfIntegralFlow_size; integral maximum flow via zeroFlow augmentOnce iterAugment bottleneck_ge_one IsIntegral_augment exists_noAugmentingPath_iter; and Theorem 26.12 maxMatching_eq_maxFlow_value; the §24.4 preflow-push model: Preflow with excess and isOverflowing; residualCapacity residualEdge and hasAugmentingPath; IsValidHeight and admissibleEdge; toFlow from a zero-excess preflow; pushBy and push preserving the preflow; pushBy_validHeight; relabel and relabel_validHeight; exists_residualEdge_of_overflowing; exists_residualPath_to_source_of_overflowing (Lemma 24.13); height_le_of_overflowing (Lemma 24.14); noAugmentingPath_of_validHeight; and maximal_of_no_overflow (push-relabel correctness via max-flow min-cut); the §24.5 relabel-to-front counting: BasicOp and Run with numEdges, height_mono, relabel_count_bound (2|V|²), saturating_push_count_bound (2|V|·|E|), nonsaturating_push_count_bound (4|V|²(|V|+|E|)) via the potential sum-of-heights, generic_step_count_bound (O(V²E)), and the relabel-to-front O(V³) discharge-order bound via RelabelToFrontRun.nonsaturating_push_count_bound and RelabelToFrontRun.step_count_bound_V3; constructed sparse BFS-selected timeline with maximum flow, <=2VE augmentations and support-sensitive work; constructed initialized relabel-to-front with derived discharge discipline, terminal maximum flow and cubic weighted RAM charge",None,CLRSLean/FourthEdition/Chapter_24.lean; CLRSLean/Chapter_26.lean; CLRSLean/Chapter_26/Section_26_1_Flow_Networks.lean; CLRSLean/Chapter_26/Section_26_2_Edmonds_Karp.lean; CLRSLean/Chapter_26/Section_26_2_Edmonds_Karp/Ford_Fulkerson_Augmentation.lean; CLRSLean/Chapter_26/Section_26_2_Edmonds_Karp/S1_ShortestAugmentingPath.lean; CLRSLean/Chapter_26/Section_26_2_Edmonds_Karp/S2_EK_Loop.lean; CLRSLean/Chapter_26/Section_26_2_Edmonds_Karp/S3_WorkAnalysis.lean; CLRSLean/Chapter_26/Section_26_3_Bipartite_Matching.lean; CLRSLean/Chapter_26/Section_26_6_MaxFlow_MinCut.lean; CLRSLean/FourthEdition/Chapter_24/Section_24_4_Push_Relabel.lean; CLRSLean/Chapter_26/Section_26_4_Push_Relabel.lean; Tests/Chapter_26_Interface.lean; Tests/Chapter_26_Augmentation_Interface.lean; Tests/Chapter_26_Edmonds_Karp_Interface.lean; CLRSLean/FourthEdition/Chapter_24/Section_24_5_Relabel_To_Front.lean; CLRSLean/FourthEdition/Chapter_24/Section_24_2_Edmonds_Karp/S5_SparseExecution.lean; CLRSLean/FourthEdition/Chapter_24/Section_24_5_Relabel_To_Front/Execution.lean; Tests/Chapter_24_SparseExecution.lean; Tests/Chapter_24_RelabelExecution.lean,"SparseEK executes support BFS, saved-parent recovery, bottleneck scanning and forward/reverse updates on one actual timeline. A nodup complete positive-capacity arc list is explicit input. At most 2VE augmentations and work <=130VE² for E>0; empty support costs <=V+2. V includes isolated vertices. Unit-cost dictionary/queue/bucket/exact-real model; no erasure to the older choice sequence or persistent-copying/bit-runtime claim. RelabelExecution constructs source-saturating initialization, cached excess, persistent current-neighbor cursors and actual relabel-to-front control. The controller proves its discharge discipline, terminates without a supplied schedule/terminal certificate, and returns a maximum flow. Actual initialization writes, cursor/list visits, relabel minimum scans and moved cells give <=864V³ weighted scalar/indexed RAM charge, with <=9V³ basic operations. Exact-real/indexed primitives; no persistent-function evaluator, mutable-array refinement, allocation or bit-complexity claim. Neither execution assumes integral capacities."
25,Matchings in Bipartite Graphs,main-proof-complete,25.1;25.2;25.3,18,18,0,"The fourth-edition sections 25.1, 25.2 and 25.3 are natively formalized and main-proof-complete, with 18 proved tracked theorem entries",Berge maximum-iff-no-augmenting-path; augmenting-path existence; residual augmenting-path translation; flow-method certification; Gale-Shapley stability; stable-matching existence; GS perfectness; GS man-optimality; GS woman-pessimality; Hungarian assignment model; Lemma 25.8 perfect-tight optimality; existence of an optimal assignment; potential-adjustment step; alternating-tree path invariant; augmentation step (Berge); tree-growth step; local progress (augment or adjust-and-grow); terminating Hungarian loop (edge-tight augmentation; tree-phase and outer loops; optimal assignment),None,CLRSLean/FourthEdition/Chapter_25.lean; CLRSLean/FourthEdition/Chapter_25/Section_25_1_Maximum_Bipartite_Matching.lean; CLRSLean/FourthEdition/Chapter_25/Section_25_1_Maximum_Bipartite_Matching/S1_Matching_API.lean; CLRSLean/FourthEdition/Chapter_25/Section_25_1_Maximum_Bipartite_Matching/S2_Alternating_Paths.lean; CLRSLean/FourthEdition/Chapter_25/Section_25_1_Maximum_Bipartite_Matching/S3_Simple_Paths.lean; CLRSLean/FourthEdition/Chapter_25/Section_25_1_Maximum_Bipartite_Matching/S4_Matching_Flow.lean; CLRSLean/FourthEdition/Chapter_25/Section_25_1_Maximum_Bipartite_Matching/S5_Residual_Translation.lean; CLRSLean/FourthEdition/Chapter_25/Section_25_1_Maximum_Bipartite_Matching/S6_Berge_Flow_Method.lean; CLRSLean/FourthEdition/Chapter_25/Section_25_1_Maximum_Bipartite_Matching/FlowExecution/ResidualSupport.lean; CLRSLean/FourthEdition/Chapter_25/Section_25_1_Maximum_Bipartite_Matching/FlowExecution/CostedBFS.lean; CLRSLean/FourthEdition/Chapter_25/Section_25_1_Maximum_Bipartite_Matching/FlowExecution/MatchingAugment.lean; CLRSLean/FourthEdition/Chapter_25/Section_25_1_Maximum_Bipartite_Matching/FlowExecution/CostedRun.lean; CLRSLean/FourthEdition/Chapter_25/Section_25_3_Hungarian_Algorithm.lean; Tests/Chapter_25/CostedBipartiteFlow.lean; Tests/Trust/Chapter_25.lean,"Support-indexed matching execution includes adjacency preparation, BFS, parent/path recovery and matching updates; at most |L| augmentations and work <=20 Vf (Ef+1), where Vf=|V|+2 and Ef=|L|+|E|+|R|=|V|+|E| for the constructed flow network. This is not automatically O(VE) in the original sparse edge count. Woman-pessimality means a matched woman does not strictly prefer her GS partner to any other stable partner; equal-size perfectness supplies matchedness."
26,Parallel Algorithms,main-proof-complete,26.1;26.2;26.3,95,95,0,The fourth-edition native Sections 26.1;26.2;26.3 prove 95 tracked theorem entries,Forward-edge computation DAG with DP longest-path span and span-le-work; explicit residual work and span; computed ready sets and greedy max-busy steps; executing all ready nodes strictly decreases a nonempty residual critical path; completed chained DAG execution with telescoping work and span budgets; T_p <= T_1 / p + T_inf for completed explicit greedy DAG schedules; spawn/sync tree unit-overhead model with span-le-work; balanced parallel-loop exact work and span; Costed value/work/span execution layer; depth-indexed executable P-ADD with pAdd_value and pAdd_correct; race-free executable P-MATMUL with pMatMul_value and pMatMul_correct; pAdd_work_eq; pAdd_span_eq; pMatMul_work_eq; pMatMul_span_eq; pAddWork_allInput_bigTheta; pAddSpan_allInput_bigTheta; pMatMulExecWork_allInput_bigTheta; pMatMulExecSpan_allInput_bigTheta; idealized pMatMulWork/pMatMulSpan recurrence with work Theta(n^3) and span Theta(log n) pow2 closed forms plus all-input upper bounds; executable P-MERGE with pMerge_correct; pMerge_value_sorted; pMerge_value_perm; pMerge_value_length; pMerge_childSizes_add_one; pMerge_childSize_le_threeQuarters; pMerge_work_step_eq; pMerge_span_step_eq; pMerge_work_step_le; pMerge_span_step_le; pMerge_work_lower; pMerge_work_upper; pMerge_span_upper; evenKeys; oddKeys; pMerge_interleaved_span_lower; pMergeSort; pMergeSort_correct; pMergeSort_value_sorted; pMergeSort_value_perm; pMergeSort_value_length; pMergeSort_work_lower; pMergeSort_work_upper; pMergeSort_span_upper; pMergeSort_worstFamily_span_lower; P-MERGE work Theta(n) and span Theta(log^2 n) pow2 closed forms; P-MERGE-SORT work Theta(n log n) and span Theta(log^3 n) pow2 closed forms; parallel Strassen work Theta(n^(log2 7)) and span Theta(log n) pow2 closed forms; pMergeWork_monotone; pMergeSpan_monotone; pMergeSortWork_monotone; pMergeSortSpan_monotone; strassenWork_monotone; strassenSpan_monotone; pMergeWork_power_sandwich; pMergeSpan_power_sandwich; pMergeSortWork_power_sandwich; pMergeSortSpan_power_sandwich; strassenWork_power_sandwich; strassenSpan_power_sandwich; pMergeWork_allInput_bigTheta; pMergeSpan_allInput_bigTheta; pMergeSortWork_allInput_bigTheta; pMergeSortSpan_allInput_bigTheta; strassenWork_allInput_bigTheta; strassenSpan_allInput_bigTheta,None,CLRSLean/FourthEdition/Chapter_26.lean; CLRSLean/Chapter_27.lean; CLRSLean/Chapter_27/Section_27_1_Multithreading_Model.lean; CLRSLean/Chapter_27/Section_27_2_4_Algorithms.lean; CLRSLean/Chapter_27/Section_27_2_4_Algorithms/ParallelStrassen.lean; Tests/Chapter_27_Interface.lean; Tests/Chapter_27_Scheduler_Interface.lean; Tests/Chapter_27_Matrix_Interface.lean; Tests/Chapter_27_ParallelMerge_Interface.lean; Tests/Chapter_27_Closure.lean; CLRSLean/Status.lean,"Actual P-ADD and P-MATMUL constructors execute matrices of dimension 2^k. Exact work/span equalities apply to those runs; arbitrary-n all-input results bound numerical recurrence extensions and do not construct a padding/unpadding execution. Completing greedy scheduling, parallel merge and merge-sort execution/worst-family results retain their stated domains. Allocation/bit costs and runtime threads remain outside the abstract scalar/fork model."
27,Online Algorithms,main-proof-complete,27.1;27.2;27.3,10,10,0,"The fourth-edition native Sections 27.1, 27.2, and 27.3 formalize the online-algorithm analysis: the rent-or-buy (ski-rental) cost, the optimal offline cost, the 2-competitive upper bound (Theorem 27.1), the matching deterministic lower bound 2 - r/p, and the elevator corollary with its worst-case ratio 2 - E/S; the list-update MOVE-TO-FRONT strategy with the 4-competitive bound (Theorem 27.2) via the inversion-distance potential; and the online-caching paging model with the LRU policy and the k-competitive bound (Theorem 27.3) via the phase partition, and the matching Sleator-Tarjan lower bound (Theorem 27.4) via the k+1-page adversary and the phase-based offline schedule.",rentThenBuy_two_competitive (Theorem 27.1); skiRental_lower_bound (Theorem 27.1 lower bound); elevator_two_competitive; elevator_worst_case_ratio; elevator_lower_bound; mtf_four_competitive (Theorem 27.2); mtf_step_four_competitive; lru_k_competitive (Theorem 27.3); caching_lower_bound (Theorem 27.4 lower bound); caching_no_c_competitive; inhabited valid-cache policy; stateful LRU; every-offline-schedule competitive bound; real-ratio and arbitrary-additive-constant paging lower bound; positive-cost rental lower witnesses,None,CLRSLean/FourthEdition/Chapter_27.lean; CLRSLean/FourthEdition/Chapter_27/Section_27_1_Waiting_For_Elevator.lean; CLRSLean/FourthEdition/Chapter_27/Section_27_2_Maintaining_A_Search_List.lean; CLRSLean/FourthEdition/Chapter_27/Section_27_3_Online_Caching.lean; Tests/Chapter_27_Online_Caching_Lower_Bound_Interface.lean; CLRSLean/Status.lean; CLRSLean/FourthEdition/Chapter_27/Section_27_3_Online_Caching/Competitive.lean; CLRSLean/FourthEdition/Chapter_27/Section_27_3_Online_Caching/LowerBound.lean; Tests/Chapter_27_CacheValidity.lean; Tests/Chapter_27_RentalPositive.lean,"Rental lower bounds retain positive horizons and positive offline cost, and explicitly rule out smaller ratios. List-update uses key-set equality; physical index/adjacent-swap interpretations require duplicate-free permutations. Paging Algorithm capacity/hit laws now quantify over legal states and flushAlgorithm witnesses inhabitation. Policy adds arbitrary auxiliary state with a concrete LRU recency instance. Every policy run and actual phase offline run generates a legal Schedule. Schedule.lru_k_competitive covers every offline trace. Policy.no_real_competitive covers every real 0<=c<k and arbitrary real additive constant, with nonempty adversarial witnesses and positive capacity."
28,Matrix Operations,main-proof-complete,28.1;28.2;28.3,13,13,0,The fourth-edition native Sections 28.1;28.2;28.3 prove 13 tracked theorem entries; executable LUP and LUP-SOLVE now attach the textbook correctness and cost claims to concrete runs,exists_lup_decomposition (Theorem 28.1); forwardSubst_spec (Lemma 28.1); backSubst_spec (Lemma 28.2); lupSolve_correct (LUP-SOLVE); inv_eq_lup (Theorem 28.2); cholesky_decomposition (Theorem 28.3); cholesky_unique; normal_equations_minimizes (Theorem 28.4); det_eq_sign_mul_det_of_lup (Corollary to Thm 28.1); eliminateWithCost_value (explicit elimination); lupDecomposeWithCost_eq_none_iff (failure characterization); lupDecomposeWithCost_correct (costed Theorem 28.1); lupSolveWithCost_correct (costed LUP-SOLVE),None,CLRSLean/FourthEdition/Chapter_28.lean; CLRSLean/FourthEdition/Chapter_28/Section_28_1_Linear_Equations.lean; CLRSLean/FourthEdition/Chapter_28/Section_28_1_Linear_Equations/ExecutableLUP.lean; CLRSLean/FourthEdition/Chapter_28/Section_28_2_Inverting_Matrices.lean; CLRSLean/FourthEdition/Chapter_28/Section_28_3_Symmetric_Positive_Definite.lean,"Exact-field counted LUP decomposition and solve correctness are retained, with actual upper bounds <=4n³ and <=2n². The legacy substitution/decomposition/inversion/Cholesky formulas are abstract numerical envelopes with isBigO upper bounds, not two-sided execution theorems. Inversion and Cholesky budgets are not attached to actual algorithms. Floating-point stability, allocation and bit costs remain outside scope."
29,Linear Programming,main-proof-complete,29.1;29.2;29.3,10,10,0,The fourth-edition native Sections 29.1 29.2 and 29.3 prove 10 tracked theorem entries and complete the three edition-map coverage gaps (general-form normalization; finite StandardLP encodings; canonical ownership of strong duality),isFeasible_iff_exists_slackExtension; shortest-path LP lower-bound and attained-optimum theorems; maximum-flow LP equivalence; minimum-cost-flow LP equivalence; multicommodity-flow LP equivalence; weak_duality (Theorem 29.8); terminal dictionary dual certificate; strongDuality (Theorem 29.9); complementarySlackness_iff_optimal (Theorem 29.10),None,CLRSLean/FourthEdition/Chapter_29.lean; CLRSLean/FourthEdition/Chapter_29/Section_29_1_Standard_And_Slack_Forms.lean; CLRSLean/FourthEdition/Chapter_29/Section_29_1_Standard_And_Slack_Forms/Normalization.lean; CLRSLean/FourthEdition/Chapter_29/Section_29_1_Standard_And_Slack_Forms/SolverWrapper.lean; CLRSLean/FourthEdition/Chapter_29/Section_29_2_Formulating_Problems_As_Linear_Programs.lean; CLRSLean/FourthEdition/Chapter_29/Section_29_3_Duality.lean; CLRSLean/FourthEdition/Chapter_29/Section_29_3_Duality/GeneralStrongDuality.lean; Tests/Chapter_29_Normalization_Interface.lean,"The canonical guide imports SolverWrapper and its initialized SIMPLEX dictionary machinery from supplementary online material. GeneralLP.solve_complete certifies infeasible, optimal or unbounded outcomes after general-form normalization. No polynomial SIMPLEX or computable exact-real machine execution is claimed."
30,Polynomials and the FFT,main-proof-complete,30.1;30.2;30.3,34,34,0,The fourth-edition native source proves 34 tracked theorem groups after excluding moved material to the online ledger; the edition map records exact represented sections and gaps,Coefficient-vector polynomial round trips and capacity; Horner correctness and exact 2n work; distinct-node interpolation existence uniqueness and round trip; point-value addition and multiplication; exact linear vector-operation work; explicit schoolbook correctness capacity and exact 2mn work; primitive-root reductions and orthogonality; generic positive-exponent DFT evaluation and linearity; sign-explicit Mathlib complex DFT compatibility; both Fourier inverse directions and injectivity; cyclic convolution theorem; inverse pointwise multiplication; no-wrap polynomial coefficient bridge; radix-2 indexing and even/odd split; successively generated twiddle and butterfly executions; recursive FFT execution erasure and equality with DFT; recursive inverse agreement and both round trips; exact execution-field FFT work; power-of-two padding and all-input Theta(n log n) work; generic FFT multiplication execution and erasure; generic FFT multiplication correctness under minimal fit; automatic positive sizing capacity and primitive complex root; unconditional complex FFT multiplication correctness; exact execution-field multiplication composition; bounded-input multiplication and all-input Theta(n log n) work; layered-network evaluation; exact butterfly count; exact butterfly depth; exact primitive gate count; exact primitive depth,None,CLRSLean/FourthEdition/Chapter_30.lean; CLRSLean/Chapter_30.lean; CLRSLean/Chapter_30/Section_30_1_Representing_Polynomials.lean; CLRSLean/Chapter_30/Section_30_2_DFT_And_FFT.lean; CLRSLean/Chapter_30/Section_30_2_DFT_And_FFT/RecursiveFFT/Definitions.lean; CLRSLean/Chapter_30/Section_30_2_DFT_And_FFT/RecursiveFFT/Correctness.lean; CLRSLean/Chapter_30/Section_30_2_DFT_And_FFT/RecursiveFFT/Costs.lean; CLRSLean/Chapter_30/Section_30_2_DFT_And_FFT/PolynomialMultiplication.lean; CLRSLean/Chapter_30/Section_30_3_Efficient_FFT_Implementations.lean; CLRSLean/Chapter_30/Section_30_3_Efficient_FFT_Implementations/ParallelFFT.lean; Tests/Chapter_30_Interface.lean; Tests/Chapter_30_DFT_Interface.lean; Tests/Chapter_30_RecursiveFFT_Interface.lean; Tests/Chapter_30_PolynomialMultiplication_Interface.lean; Tests/Chapter_30_Milestone1_Closure.lean; Tests/Chapter_30_ParallelFFT_Interface.lean; Tests/Chapter_30_Milestone2_Closure.lean; CLRSLean/Status.lean,Exact FFT arithmetic fields count a shared butterfly product once for both output slots; function-valued output does not itself memoize repeated evaluation. Iterative nonfinal child-root squaring is excluded setup work. Twiddle generation and bit-reversal movement retain their stated counters. Parallel circuit roots are constants in that distinct model. DFT correctness and asymptotic theorems are preserved within these charge models.
31,Number-Theoretic Algorithms,main-proof-complete,31.1;31.2;31.3;31.4;31.5;31.6;31.7;31.8,18,18,0,"The 18 tracked theorem groups remain represented; the audit companions attach actual Euclid and Miller-Rabin counters, generated-key RSA roundtrip, and finite-product repeated-trial probability.",division_theorem (Theorem 31.1); euclid_recursion (Lemma 31.2); gcd_is_linear_combination (Lemma 31.3); gcd_is_smallest_positive_linear_combination (Theorem 31.2); exists_mul_inverse_mod (Theorem 31.6); modular_linear_solvable (Theorem 31.11); chinese_remainder (Theorem 31.27); fermat_little_theorem (Theorem 31.30); euler_theorem; rsa_correct (Theorem 31.36); fermat_test (Theorem 31.31); goodUnits_card_le; strongLiars_card_le; random-witness analysis (strongLiars_nat_card_le: at most (n-1)/4 of the bases 1..n-1 are strong liars); euclidWithCount_spec; rsaKeyGen_roundTrip; MillerRabinExecution.run_spec/run_count_le; MillerRabinExecution.uniform_error_le,None,CLRSLean/FourthEdition/Chapter_31.lean; CLRSLean/Chapter_31.lean; CLRSLean/Chapter_31/Section_31_1_Elementary_Number_Theory.lean; CLRSLean/Chapter_31/Section_31_2_Greatest_Common_Divisor.lean; CLRSLean/Chapter_31/Section_31_3_Modular_Arithmetic.lean; CLRSLean/Chapter_31/Section_31_4_Solving_Modular_Linear_Equations.lean; CLRSLean/Chapter_31/Section_31_5_Chinese_Remainder_Theorem.lean; CLRSLean/Chapter_31/Section_31_6_Powers_Of_An_Element.lean; CLRSLean/Chapter_31/Section_31_7_RSA.lean; CLRSLean/Chapter_31/Section_31_8_Primality_Testing.lean; CLRSLean/FourthEdition/Chapter_31/Section_31_2_Greatest_Common_Divisor/Execution.lean; CLRSLean/FourthEdition/Chapter_31/Section_31_7_RSA/KeyRoundTrip.lean; CLRSLean/FourthEdition/Chapter_31/Section_31_8_Primality_Testing/Execution.lean; CLRSLean/FourthEdition/Chapter_31/Section_31_8_Primality_Testing/Probability.lean,"Canonical scope excludes integer factorization (online ledger). Counted Euclid refines the first-argument execution with swapped euclidDivisions arguments. Supplied-prime RSA key assembly now has an all-message roundtrip wrapper; no key-prime generation, assembly runtime or security claim. The actual Miller-Rabin decision reads the counted exponentiation and squaring residues, short-circuits on rejection, and has a modular-multiplication bound. Parameter decomposition, comparisons, sampling and bit runtime are uncounted. Independent uniform product samples over 1..n-1 yield an executed acceptance probability at most 4^-rounds for odd composite n>1. The old loop retains a detached budget; 561 membership is proved without minimality."
32,String Matching,main-proof-complete,32.1;32.2;32.3;32.4;32.5,61,61,0,"The native Section 32.1 proves 19 tracked theorem entries; the native Section 32.2 proves 10 tracked entries (Rabin-Karp); the native Section 32.3 proves 13 tracked entries (finite automata); the native Section 32.4 proves 12 tracked entries (Knuth-Morris-Pratt, including the all-occurrences scan and the costed linear-time bound); the native Section 32.5 proves 7 tracked entries (suffix arrays).","String model (14 lemmas); naiveMatcher soundness/completeness (5 theorems); Rabin-Karp hash and rolling recurrence (hash_snoc, hash_cons, hash_slide); hash-and-confirm soundness/completeness/correctness (rabinKarp_sound, rabinKarp_complete, rabinKarp_correct); rolling matcher correctness and cost (rabinKarpRollingMatches_correct, rabinKarpRollingCost_eq, rabinKarpRollingCost_le); finite-automaton suffix function (suffixLen_snoc_le, suffixLen_snoc_eq) and deltaStar characterization (deltaStar_eq_suffixLen, deltaStar_accepts_iff_suffix); DFA matcher correctness (dfaMatcher_sound, dfaMatcher_complete, dfaMatcher_correct); transition table and refinement (transitionLookup_eq_delta, dfaMatcherTable_correct, dfaMatcherTable_eq_naive); costed construction/scan (transitionTableBuildCost_eq, dfaMatcherCost_eq, dfaTotalCost_eq); Knuth-Morris-Pratt prefix function (prefixLen_satisfies, prefixLen_maximal); prefix-function chain step and recurrence (prefixLen_chain_step, prefixLen_snoc_eq); executable prefix function correctness (failureFollow_eq_prefixMatchAux, computePrefixFunction_correct); KMP all-occurrences scan (kmpStep_eq_delta, kmpMatcher_sound, kmpMatcher_complete, kmpMatcher_correct); KMP costed linear bound (computePrefixFunctionWithCost_cost_le, kmpMatcherWithCost_cost_le, kmpTotalCost_le); suffix arrays (suffixLe total order, SuffixArrayValid permutation+sortedness, suffixArray_valid construction, suffixArraySearch_mem_iff sound/completeness); binary-search range query (suffixArrayRange_mem_iff sound/completeness, suffixArrayQueryWork_le O(|p| log n) bound)",None,CLRSLean/FourthEdition/Chapter_32.lean; CLRSLean/Chapter_32.lean; CLRSLean/FourthEdition/Chapter_32/Section_32_2_Rabin_Karp.lean; CLRSLean/FourthEdition/Chapter_32/Section_32_3_Finite_Automata.lean; CLRSLean/FourthEdition/Chapter_32/Section_32_4_Knuth_Morris_Pratt.lean; CLRSLean/FourthEdition/Chapter_32/Section_32_5_Suffix_Arrays.lean; CLRSLean/Chapter_32/Section_32_1_String_Model.lean; CLRSLean/Chapter_32/Section_32_1_String_Model/Naive_Matcher.lean; CLRSLean/FourthEdition/Chapter_32/Section_32_2_Rabin_Karp/CachedPower.lean; CLRSLean/FourthEdition/Chapter_32/Section_32_3_Finite_Automata/CachedScan.lean; Tests/Chapter_32_CachedExecution.lean,"Rabin-Karp CachedPower prepares d^m and both seed hashes once, uses a seven-scalar-operation slide with no exponentiation, and refines every naive matching shift; actual preparation/slide counters are connected to the existing confirmation budget. DFA CachedScan passes a single constructed table and counts transitions; its cell count omits suffix-search construction and list/alphabet lookup, so no efficient runtime is inferred. Suffix sorting counts whole-suffix comparisons, query excludes list indexing/construction/range materialization, and empty patterns return stored positions 0..n-1 without terminal n. Existing KMP control-step proofs remain intact."
33,Machine-Learning Algorithms,main-proof-complete,33.1; 33.2; 33.3,15,15,0,The fourth-edition native Sections 33.1 33.2 and 33.3 prove 15 tracked theorem entries; no edition-map coverage gaps remain,mean_minimizes_sumSqDist (Lemma 33.1); assignStep_cost_le; updateStep_cost_le; lloyd_iteration_cost_le (Theorem 33.2); one_sub_rpow_le_one_sub_mul; neg_log_one_sub_le_add_sq; potential_update_le_exp; potential_weights_le; weights_eq_rpow_expertLoss; totalExpectedLoss_le (Theorem 33.3); gradient_inner_le_sub; gdStep_potential_le; gdIterates_potential_le; sum_suboptimality_le; avgIterate_suboptimality_le (Theorem 33.8),None,CLRSLean/FourthEdition/Chapter_33.lean; CLRSLean/FourthEdition/Chapter_33/Section_33_1_Clustering.lean; CLRSLean/FourthEdition/Chapter_33/Section_33_2_Multiplicative_Weights.lean; CLRSLean/FourthEdition/Chapter_33/Section_33_3_Gradient_Descent.lean,"Canonical fourth-edition Chapter 33 formalizes natively the §33.1 Clustering analysis (the k-means cost, its variance decomposition, and Lloyd's two steps with cost monotonicity, Lemma 33.1 and Theorem 33.2), the §33.2 Multiplicative-weights method (the potential and expected-loss accounting, the exponential potential chain, and the regret bound against the best expert, Theorem 33.3), and the §33.3 Gradient-descent analysis (the gradient-descent lemma, the per-step and telescoping potential inequalities, the total-suboptimality bound, and the average-iterate convergence bound, Theorem 33.8). The legacy third-edition Chapter 33 (computational geometry) is cataloged as online material."
34,NP-Completeness,main-proof-complete,34.1;34.2;34.3;34.4;34.5,59,59,0,"The fourth-edition Chapter 34 is supplied by the legacy Chapter 34 sources (compatibility facade; 3rd- and 4th-edition chapter numbers coincide). Sections 34.1--34.3 formalize polynomial time, polynomial-time verification, P ⊆ NP, NP-completeness, and reduction transitivity. Section 34.4 closes Cook--Levin and the concrete machine reduction chain through GeneralCircuitSAT, SAT, 3-CNF-SAT, and honest graph-plus-k CLIQUE. Section 34.5 closes the selected typed and strict serialized chain through VERTEX-COVER, HAM-CYCLE, decision-TSP, and SUBSET-SUM, including fixed polynomial-time reduction and verifier machines and NP-completeness wrappers.",mem_ClassP; PolyTimeComputable.comp; ClassP_compl; ClassP_union; ClassP_inter; PolyTimeVerifiable.of_decidable; ClassP_subset_ClassNP (Theorem 34.2); PolyTimeReducible.trans; circuitSAT_reducible_to_SAT; generalCircuitSatisfiable_iff_satisfiable_generalCircuitToFormula; generalCircuitToSATMap_mem_SAT_iff; generalCircuitToSATMap_length_le; cnfSatisfiable_iff_hasClique; cnfSatisfiable_to3CNF_iff; Turing.TM3CNF.sat_reducible_to_threeCNFSat; threeCNFSat_reducible_to_threeCNFOccurrenceCLIQUE; decode_encodeCliqueInstance; mem_generalCLIQUE_iff; cliqueVerifier_eq_true_iff; mem_generalCLIQUE_iff_exists_certificate; generalCLIQUE_mem_ClassNP; Turing.TMClique.threeCNFSat_reducible_to_CLIQUE; Turing.CookLevin.verifierCircuit_wellFormed; Turing.CookLevin.verifierCircuit_satisfiable_iff; Turing.CookLevin.verifierCircuit_gate_count_le; Turing.CookLevin.verifierCircuit_input_count_le; Turing.CookLevin.verifierCircuit_encoding_length_le; Turing.CookLevin.cookLevinMap_mem_generalCircuitSAT_iff; mem_generalCircuitSAT_iff_exists_certificate; generalCircuitSAT_polyTimeVerifiable; generalCircuitSAT_mem_ClassNP; Turing.CookLevin.cookLevin_textbookCircuitization; Turing.CookLevin.cookLevin_polyTimeReducible_of_computable; Turing.CookLevin.cookLevinMap_polyTimeComputable; Turing.CookLevin.cookLevin_theorem; Turing.CookLevin.generalCircuitSAT_npHard; Turing.CookLevin.generalCircuitSAT_npComplete; Turing.GeneralCircuitToSAT.computableInPolyTime; generalCircuitSAT_reducible_to_SAT; SAT_npHard; satVerifier_accepts_iff; mem_SAT_iff_exists_bounded_certificate; threeCNFSatVerifier_accepts_iff; mem_threeCNFSat_iff_exists_bounded_certificate; Turing.SATVerifier.reductionVerifierComputableInPolyTime; SAT_mem_ClassNP; SAT_npComplete; Turing.ThreeCNFVerifier.reductionVerifierComputableInPolyTime; threeCNFSat_mem_ClassNP; threeCNFSat_npComplete; threeCNFSat_npHard; generalCLIQUE_npHard; CLIQUE_npComplete; CliqueInstance.hasClique_iff_complement_hasVertexCover; cliqueToVertexCoverMap_mem_VERTEXCOVER_iff; vertexCoverToCliqueMap_mem_CLIQUE_iff; cliqueToVertexCoverMap_length_le; vertexCoverToCliqueMap_length_le; mem_generalVERTEXCOVER_iff_exists_certificate; vertexCoverToHamiltonianInstance_correct; TSPReduction.hamiltonianToTSP_correct; SubsetSumReduction.cnfToSubsetSum_correct; generalCLIQUE_reducible_to_VERTEXCOVER; VERTEXCOVER_mem_ClassNP; VERTEXCOVER_npComplete; HAMCYCLE_mem_ClassNP; VERTEXCOVER_reducible_to_HAMCYCLE; HAMCYCLE_npComplete; TSP_mem_ClassNP; HAMCYCLE_reducible_to_TSP; TSP_npComplete; SUBSETSUM_mem_ClassNP; Turing.SubsetSumReduction.rawThreeCNFToSubsetSum_computableInPolyTime; threeCNFSat_reducible_to_SUBSETSUM; SUBSETSUM_npComplete,None,CLRSLean/FourthEdition/Chapter_34.lean; CLRSLean/Chapter_34.lean; CLRSLean/Chapter_34/Section_34_1_Polynomial_Time.lean; CLRSLean/Chapter_34/Section_34_1_Polynomial_Time/Composition.lean; CLRSLean/Chapter_34/Section_34_1_Polynomial_Time/AndOr.lean; CLRSLean/Chapter_34/Section_34_2_Polynomial_Time_Verification.lean; CLRSLean/Chapter_34/Section_34_2_Polynomial_Time_Verification/PairProjection.lean; CLRSLean/Chapter_34/Section_34_3_NP_Completeness_And_Reducibility.lean; CLRSLean/Chapter_34/Section_34_4_NP_Completeness_Proofs.lean; CLRSLean/Chapter_34/Section_34_4_NP_Completeness_Proofs/CircuitSAT.lean; CLRSLean/Chapter_34/Section_34_4_NP_Completeness_Proofs/SAT/Certificate.lean; CLRSLean/Chapter_34/Section_34_4_NP_Completeness_Proofs/SAT/Verification.lean; Tests/Chapter_34_SAT_Certificate_Interface.lean; CLRSLean/Chapter_34/Section_34_4_NP_Completeness_Proofs/SAT/ReductionVerifier/Runtime.lean; CLRSLean/Chapter_34/Section_34_4_NP_Completeness_Proofs/SAT/ReductionVerifier/Semantics.lean; CLRSLean/Chapter_34/Section_34_4_NP_Completeness_Proofs/SAT/NPCompleteness.lean; Tests/Chapter_34_SAT_NPComplete.lean; CLRSLean/Chapter_34/Section_34_4_NP_Completeness_Proofs/ThreeCNF/Certificate.lean; CLRSLean/Chapter_34/Section_34_4_NP_Completeness_Proofs/ThreeCNF/Verification.lean; Tests/Chapter_34_ThreeCNF_Certificate_Interface.lean; CLRSLean/Chapter_34/Section_34_4_NP_Completeness_Proofs/ThreeCNF/ReductionVerifier/Runtime.lean; CLRSLean/Chapter_34/Section_34_4_NP_Completeness_Proofs/ThreeCNF/ReductionVerifier/Semantics.lean; CLRSLean/Chapter_34/Section_34_4_NP_Completeness_Proofs/ThreeCNF/NPCompleteness.lean; Tests/Chapter_34_ThreeCNF_NPComplete.lean; CLRSLean/Chapter_34/Section_34_4_NP_Completeness_Proofs/SatTo3CNFMachine.lean; CLRSLean/Chapter_34/Section_34_4_NP_Completeness_Proofs/CNFToClique.lean; CLRSLean/Chapter_34/Section_34_4_NP_Completeness_Proofs/GeneralCircuit/Verification.lean; CLRSLean/Chapter_34/Section_34_4_NP_Completeness_Proofs/GeneralCircuit/NP.lean; CLRSLean/Chapter_34/Section_34_4_NP_Completeness_Proofs/GeneralClique.lean; CLRSLean/Chapter_34/Section_34_4_NP_Completeness_Proofs/GeneralClique/Encoding.lean; CLRSLean/Chapter_34/Section_34_4_NP_Completeness_Proofs/GeneralClique/Certificate.lean; CLRSLean/Chapter_34/Section_34_4_NP_Completeness_Proofs/GeneralClique/VerifierMachine.lean; CLRSLean/Chapter_34/Section_34_4_NP_Completeness_Proofs/GeneralClique/NP.lean; CLRSLean/Chapter_34/Section_34_4_NP_Completeness_Proofs/GeneralClique/OccurrenceReduction/Machine.lean; CLRSLean/Chapter_34/Section_34_4_NP_Completeness_Proofs/GeneralCircuit/ToSAT/Semantics.lean; CLRSLean/Chapter_34/Section_34_4_NP_Completeness_Proofs/GeneralCircuit/ToSAT/Encoding.lean; CLRSLean/Chapter_34/Section_34_4_NP_Completeness_Proofs/CookLevin/Circuitization/Assembly/Semantics.lean; CLRSLean/Chapter_34/Section_34_4_NP_Completeness_Proofs/CookLevin/Circuitization/Assembly/Bounds.lean; CLRSLean/Chapter_34/Section_34_4_NP_Completeness_Proofs/CookLevin/Circuitization/Assembly/EncodingBounds.lean; CLRSLean/Chapter_34/Section_34_4_NP_Completeness_Proofs/CookLevin/Circuitization/ReductionMap.lean; CLRSLean/Chapter_34/Section_34_4_NP_Completeness_Proofs/CookLevin/Circuitization/GeneratorCompleteCircuitCompiler.lean; CLRSLean/Chapter_34/Section_34_4_NP_Completeness_Proofs/CookLevin/Textbook.lean; CLRSLean/Chapter_34/Section_34_4_NP_Completeness_Proofs/CookLevin/MainTheorem.lean; Tests/Chapter_34_Interface.lean; Tests/Chapter_34_CookLevin_Interface.lean; Tests/Chapter_34_CookLevin_Textbook.lean; Tests/Chapter_34_CookLevin_MainTheorem.lean; Tests/Chapter_34_GeneralCircuit_ToSAT.lean; Tests/Chapter_34_GeneralCircuit_Verification.lean; Tests/Chapter_34_GeneralCircuit_Verifier_Runtime_Interface.lean; Tests/Chapter_34_GeneralClique_Interface.lean; Tests/Chapter_34_GeneralClique_NP.lean; Tests/Chapter_34_GeneralClique_ReductionMachine.lean; CLRSLean/Chapter_34/Section_34_5_NP_Complete_Problems.lean; CLRSLean/Chapter_34/Section_34_5_NP_Complete_Problems/VertexCover.lean; CLRSLean/Chapter_34/Section_34_5_NP_Complete_Problems/VertexCover/ComplementSemantics.lean; CLRSLean/Chapter_34/Section_34_5_NP_Complete_Problems/VertexCover/Language.lean; CLRSLean/Chapter_34/Section_34_5_NP_Complete_Problems/VertexCover/RawReduction.lean; CLRSLean/Chapter_34/Section_34_5_NP_Complete_Problems/VertexCover/Certificate/Basic.lean; CLRSLean/Chapter_34/Section_34_5_NP_Complete_Problems/VertexCover/Certificate/Semantics.lean; CLRSLean/Chapter_34/Section_34_5_NP_Complete_Problems/VertexCover/Certificate/Length.lean; Tests/Chapter_34_VertexCover_Semantics.lean; Tests/Chapter_34_VertexCover_RawSemantics.lean; Tests/Chapter_34_VertexCover_Certificate.lean; CLRSLean/Chapter_34/Section_34_5_NP_Complete_Problems/VertexCover/ReverseSoundness.lean; CLRSLean/Chapter_34/Section_34_5_NP_Complete_Problems/VertexCover/ReverseCompleteness.lean; CLRSLean/Chapter_34/Section_34_5_NP_Complete_Problems/VertexCover/BidirectionalSemantics.lean; CLRSLean/Chapter_34/Section_34_5_NP_Complete_Problems/VertexCover/ReverseRawReduction.lean; Tests/Chapter_34_VertexCover_ReverseReduction.lean; CLRSLean/Chapter_34/Section_34_5_NP_Complete_Problems/VertexCover/Complement/PairBounds.lean; CLRSLean/Chapter_34/Section_34_5_NP_Complete_Problems/VertexCover/Complement/EncodingBounds.lean; CLRSLean/Chapter_34/Section_34_5_NP_Complete_Problems/VertexCover/ComplementMapLength.lean; Tests/Chapter_34_VertexCover_ComplementLength.lean; CLRSLean/Status.lean; CLRSLean/Chapter_34/Section_34_5_NP_Complete_Problems/HamiltonianCycle.lean; CLRSLean/Chapter_34/Section_34_5_NP_Complete_Problems/TravelingSalesperson.lean; CLRSLean/Chapter_34/Section_34_5_NP_Complete_Problems/SubsetSum.lean; Tests/Chapter_34_HamiltonianCycle_Certificate.lean; Tests/Chapter_34_TSP_Reduction.lean; Tests/Chapter_34_SubsetSum_Reduction.lean; CLRSLean/Chapter_34/Section_34_5_NP_Complete_Problems/VertexCover/Reduction.lean; CLRSLean/Chapter_34/Section_34_5_NP_Complete_Problems/VertexCover/NP.lean; CLRSLean/Chapter_34/Section_34_5_NP_Complete_Problems/VertexCover/NPCompleteness.lean; Tests/Chapter_34_VertexCover_TotalReduction.lean; Tests/Chapter_34_VertexCover_NPComplete.lean; CLRSLean/Chapter_34/Section_34_5_NP_Complete_Problems/HamiltonianCycle/NPCompleteness.lean; CLRSLean/Chapter_34/Section_34_5_NP_Complete_Problems/TravelingSalesperson/NPCompleteness.lean; CLRSLean/Chapter_34/Section_34_5_NP_Complete_Problems/SubsetSum/ReductionMachine/GuardedReduction.lean; CLRSLean/Chapter_34/Section_34_5_NP_Complete_Problems/SubsetSum/Hardness.lean; CLRSLean/Chapter_34/Section_34_5_NP_Complete_Problems/SubsetSum/NPCompleteness.lean; Tests/Chapter_34_SubsetSum_ReductionBlocks.lean,"The advertised Chapter 34 theorem stack is kernel-checked through Cook--Levin and the strict Section 34.5 NP-completeness chain. Standalone SAT and 3-CNF-SAT now have exact raw assignment checkers, malformed-certificate rejection, linear certificate characterizations, reduction-backed fixed polynomial-time verifier machines, membership in NP, and NP-completeness wrappers. Directly lowering the smaller assignment checkers to machines remains optional. Direct concrete P machines for ∅ and Σ* also remain optional refinements."
35,Approximation Algorithms,main-proof-complete,35.1;35.2;35.3;35.4;35.5,13,13,0,The fourth-edition native Sections 35.1-35.5 prove 13 tracked theorem entries across all five approximation sections; the costed APPROX-SUBSET-SUM execution now closes the runtime claim and no edition-map coverage gaps remain,approxVertexCover_two_approx (Theorem 35.1); tsp_two_approx (Theorem 35.2); greedySetCover_ln_approx (Theorem 35.4); max3cnf_approx (Theorem 35.5); approxSubsetSum_fptas (intermediate list-size bound); mergeWithCost_work_le (costed local scans); approxListsWithCost_value (outer erasure); approxSubsetSumWithCost_fptas (costed Theorem 35.8); graphTour_two_approx (constructed graph-to-MST-parent composition); greedySetCover_card_eq_cost and returned-family ratios; VertexCoverLP.execute_correct (graph-to-initialized-solver-to-rounded-cover composition),None,CLRSLean/FourthEdition/Chapter_35.lean; CLRSLean/FourthEdition/Chapter_35/Section_35_1_The_Vertex_Cover_Problem.lean; CLRSLean/FourthEdition/Chapter_35/Section_35_2_The_Traveling_Salesperson_Problem.lean; CLRSLean/FourthEdition/Chapter_35/Section_35_3_The_Set_Covering_Problem.lean; CLRSLean/FourthEdition/Chapter_35/Section_35_4_Randomization_And_Linear_Programming.lean; CLRSLean/FourthEdition/Chapter_35/Section_35_5_The_Subset_Sum_Problem.lean; CLRSLean/FourthEdition/Chapter_35/Section_35_5_The_Subset_Sum_Problem/Costed.lean; CLRSLean/FourthEdition/Chapter_35/Section_35_2_The_Traveling_Salesperson_Problem/GraphExecution.lean; CLRSLean/FourthEdition/Chapter_35/Section_35_3_The_Set_Covering_Problem/ReturnedFamily.lean; CLRSLean/FourthEdition/Chapter_35/Section_35_4_Randomization_And_Linear_Programming/VertexCoverLP.lean; tests/Chapter_35_Adapters.lean; tests/Chapter_35_VertexCoverLP.lean; tests/Trust/Chapter_35.lean,"GraphAdapter constructs the complete Fin n graph, executes Prim and roots selected MST edges internally; graphTour_two_approx needs only the root, Nat metric assumptions and comparator tour, not a supplied MST. Classical rooting/component construction has no runtime claim. Returned-family cardinality is proved equal to greedyCost and inherits both set-cover ratios. VertexCoverLP constructs graph constraints, invokes initialized Chapter29 SIMPLEX and rounds its returned real optimum; execute_correct proves coverage and factor two for nonnegative rational weights without a supplied LP bound. MAX-3-CNF uses unweighted Finset clauses and three distinct variables, excluding duplicate/weighted-clause objectives. Existing counted subset-sum FPTAS remains the imported execution theorem; allocation and bit costs are excluded."
