chapter_no,section_no,chapter_title,section_title,migration_state,source_modules,legacy_location,coverage_note
1,1.1,The Role of Algorithms in Computing,Algorithms,native,CLRSLean.FourthEdition.Chapter_01,CLRS third edition Chapter 1,"Native fourth-edition guide: prose-only §1.1 Algorithms (expository, no theorem-bearing source). Legacy CLRSLean.Chapter_01 forwards to it during the compatibility period."
1,1.2,The Role of Algorithms in Computing,Algorithms as a technology,native,CLRSLean.FourthEdition.Chapter_01,CLRS third edition Chapter 1,"Native fourth-edition guide: prose-only §1.2 Algorithms as a technology (expository, no theorem-bearing source). Legacy CLRSLean.Chapter_01 forwards to it during the compatibility period."
2,2.1,Getting Started,Insertion sort,native,CLRSLean.FourthEdition.Chapter_02.Section_02_1_Insertion_Sort,CLRS third edition Chapter 2,Native fourth-edition §2.1 Insertion sort. Legacy CLRSLean.Chapter_02 forwards to it during the compatibility period.
2,2.2,Getting Started,Analyzing algorithms,native,CLRSLean.FourthEdition.Chapter_02.Section_02_2_Analyzing_Algorithms;CLRSLean.FourthEdition.Chapter_02.Section_02_2_Analyzing_Algorithms.LineCost;CLRSLean.FourthEdition.Chapter_02.Section_02_2_Analyzing_Algorithms.LineCost.Definitions;CLRSLean.FourthEdition.Chapter_02.Section_02_2_Analyzing_Algorithms.LineCost.Formula;CLRSLean.FourthEdition.Chapter_02.Section_02_2_Analyzing_Algorithms.LineCost.BestWorst,CLRS third edition Chapter 2,Native fourth-edition §2.2 Analyzing algorithms including the seven-line symbolic insertion-sort cost table complete T(n) formula and exact best/worst trace substitutions. Legacy CLRSLean.Chapter_02 forwards to it during the compatibility period. The actual recursive insertion comparison counter is universally bounded by the triangular budget; an explicit descending input family attains it for every size. insertionSortWorstComparisons_isGreatest and insertionSortComparisons_worst_case_theta identify the maximum actual run count and its quadratic Theta bound. Symbolic t_i line-count inputs are not extracted or certified as realizable execution traces.
2,2.3,Getting Started,Designing algorithms,native,CLRSLean.FourthEdition.Chapter_02.Section_02_3_Designing_Algorithms;CLRSLean.FourthEdition.Chapter_02.Section_02_3_Designing_Algorithms.Merge;CLRSLean.FourthEdition.Chapter_02.Section_02_3_Designing_Algorithms.Merge.Definitions;CLRSLean.FourthEdition.Chapter_02.Section_02_3_Designing_Algorithms.Merge.Correctness;CLRSLean.FourthEdition.Chapter_02.Section_02_3_Designing_Algorithms.Merge.Cost;CLRSLean.FourthEdition.Chapter_02.Section_02_3_Designing_Algorithms.Merge_Sort_Recurrence,CLRS third edition Chapter 2,Native fourth-edition §2.3 Designing algorithms including the explicit costed MERGE correctness and linear-comparison development plus the nested merge-sort recurrence development. Legacy CLRSLean.Chapter_02 forwards to it during the compatibility period.
3,3.1,Characterizing Running Times,O-notation Ω-notation and Θ-notation,native,CLRSLean.FourthEdition.Chapter_03.Section_03_1_Asymptotic_Notation;CLRSLean.FourthEdition.Chapter_03.Section_03_1_Asymptotic_Notation.Core;CLRSLean.FourthEdition.Chapter_03.Section_03_1_Asymptotic_Notation.CLRSBridge,CLRS third edition Chapter 3,Native fourth-edition §3.1 with the five asymptotic relations and exact bridges from the absolute-value implementation to the eventually nonnegative textbook O/Ω/Θ formulations. Legacy CLRSLean.Chapter_03.Section_03_1_Asymptotic_Notation forwards to the facade during the compatibility period.
3,3.2,Characterizing Running Times,Asymptotic notation: formal definitions,native,CLRSLean.FourthEdition.Chapter_03.Section_03_2_Asymptotic_Notation_Formal_Definitions;CLRSLean.FourthEdition.Chapter_03.Section_03_1_Asymptotic_Notation.Core;CLRSLean.FourthEdition.Chapter_03.Section_03_1_Asymptotic_Notation.CLRSBridge,CLRS third edition Chapter 3,Native fourth-edition §3.2 with strict textbook little-o/little-omega characterizations transitivity and real-domain variants. The strict bridges expose the necessary eventual positivity assumptions. Legacy CLRSLean.Chapter_03.Section_03_1_Asymptotic_Notation forwards to the facade during the compatibility period.
3,3.3,Characterizing Running Times,Standard notations and common functions,native,CLRSLean.FourthEdition.Chapter_03.Section_03_3_Standard_Notations_And_Common_Functions;CLRSLean.FourthEdition.Chapter_03.Section_03_2_Standard_Functions;CLRSLean.FourthEdition.Chapter_03.Section_03_2_Standard_Functions.Core;CLRSLean.FourthEdition.Chapter_03.Section_03_2_Standard_Functions.TextbookIdentities;CLRSLean.FourthEdition.Chapter_03.Section_03_2_Standard_Functions.Robbins;CLRSLean.FourthEdition.Chapter_03.Section_03_2_Standard_Functions.GrowthBridges;CLRSLean.FourthEdition.Chapter_03.Section_03_2_Standard_Functions.GrowthHierarchy,CLRS third edition Chapter 3,Native fourth-edition §3.3 including textbook floor/ceiling/remainder/exponent/log/factorial/iteration/Fibonacci interfaces arbitrary-polynomial and real-exponent growth bridges the n^(log n) hierarchy layer and the exact effective Robbins refinement of Stirling. Legacy CLRSLean.Chapter_03.Section_03_2_Standard_Functions forwards to the facade during the compatibility period.
4,4.1,Divide-and-Conquer,Multiplying square matrices,native,CLRSLean.FourthEdition.Chapter_04.Section_04_1_Multiplying_Square_Matrices;CLRSLean.FourthEdition.Chapter_04.MatrixExecution,none,"Native §4.1: eight-product multiplication on side lengths 2^k; MatrixExecution.mulWithCost_correct joins result correctness to the exact scalar budget; mulWithCost_theta proves cubic scalar work for arbitrary input families. padOne is a one-level embedding, not an arbitrary-dimension API."
4,4.2,Divide-and-Conquer,Strassen’s algorithm for matrix multiplication,native,CLRSLean.FourthEdition.Chapter_04.Section_04_2_Strassen_Algorithm;CLRSLean.FourthEdition.Chapter_04.MatrixExecution,CLRS third edition Chapter 4,Native §4.2: seven-product Strassen over arbitrary rings on side lengths 2^k. MatrixExecution.strassenWithCost_correct joins returned value and work; ten preparation and eight assembly traversals count scalar additions/subtractions. Actual work lies between one and five times strassenWork; strassenWithCost_theta proves Theta(n^(log2 7)) on this domain. Indexing/allocation and scalar bit costs are excluded.
4,4.3,Divide-and-Conquer,The substitution method for solving recurrences,native,CLRSLean.FourthEdition.Chapter_04.Section_04_3_Substitution_Method,CLRS third edition Chapter 4,"Native fourth-edition §4.3 The substitution method: one-step upper-bound, lower-bound, and sandwich substitution templates. Legacy CLRSLean.Chapter_04 forwards to it during the compatibility period."
4,4.4,Divide-and-Conquer,The recursion-tree method for solving recurrences,native,CLRSLean.FourthEdition.Chapter_04.Section_04_4_Recursion_Tree_Method;CLRSLean.FourthEdition.Chapter_04.Section_04_4_Recursion_Tree_Method.Branching.IntegerTree,CLRS third edition Chapter 4,"Native §4.4: additive unrolling, fixed-depth level sums, and well-founded natural-size floor/ceiling trees with unequal branch depths. Independent recurrences identify generated total costs. balancedIntegerCost_isBigTheta and unbalancedIntegerCost_isBigTheta prove actual costs Theta(n^2) and Theta(n log n), assuming c>0 and base>=0; no asymptotic certificate is supplied."
4,4.5,Divide-and-Conquer,The master method for solving recurrences,native,CLRSLean.FourthEdition.Chapter_04.Section_04_5_Master_Theorem,CLRS third edition Chapter 4,"Native §4.5: normalized recurrence expansion, exact-power Master criteria and polylog case 2. master_case3_of_eventual_regularity derives Theta forcing from eventual a*f(b^i)<=c*f(b^(i+1)), 0<=c<1, with nonnegative base/forcing and eventual forcing positivity. The old tail-domination criterion remains available."
4,4.6,Divide-and-Conquer,Proof of the continuous master theorem,native,CLRSLean.FourthEdition.Chapter_04.Section_04_6_Continuous_Master_Theorem,none,"Native fourth-edition §4.6 continuous master theorem: the real geometric-series core (three ratio cases), the recursion-tree work with polynomial forcing and its three continuous cases, and the bridge to the discrete critical-power and critical-log scales."
4,4.7,Divide-and-Conquer,Akra–Bazzi recurrences,native,CLRSLean.FourthEdition.Chapter_04.Section_04_7_Akra_Bazzi;CLRSLean.FourthEdition.Chapter_04.Section_04_7_Akra_Bazzi.Generalized,none,"Native §4.7 and Generalized: root equation, root uniqueness/nonnegativity, scale invariance and recurrence-to-discrete-integral comparison. akraBazzi_bigTheta_nonneg covers all p,q>=0 including p=0 and p<q<p+1 under PolynomialGrowth: nonnegative monotone forcing between positive multiples of n^q. The recurrence uses explicit floor children and the stated constant base cases; unrestricted forcing/perturbations are outside this model."
5,5.1,Probabilistic Analysis and Randomized Algorithms,The hiring problem,native,CLRSLean.FourthEdition.Chapter_05.Section_05_1_Hiring_Problem,CLRS third edition Chapter 5,Native fourth-edition §5.1 The hiring problem. Legacy CLRSLean.Chapter_05.Section_05_1_Hiring_Problem forwards to it during the compatibility period.
5,5.2,Probabilistic Analysis and Randomized Algorithms,Indicator random variables,native,CLRSLean.FourthEdition.Chapter_05.Section_05_2_Indicator_Random_Variables;CLRSLean.FourthEdition.Chapter_05.Section_05_2_Indicator_Expectation,CLRS third edition Chapter 5,Native fourth-edition §5.2 Indicator random variables including the textbook indicator-expectation probability interface. Legacy CLRSLean.Chapter_05.Section_05_2_Indicator_Random_Variables forwards to it during the compatibility period.
5,5.3,Probabilistic Analysis and Randomized Algorithms,Randomized algorithms,native,CLRSLean.FourthEdition.Chapter_05.Section_05_3_Randomized_Algorithms;CLRSLean.FourthEdition.Chapter_05.Section_05_3_Randomized_Hiring;CLRSLean.FourthEdition.Chapter_05.Section_05_3_Randomized_Hiring.ExpectationBridge,CLRS third edition Chapter 5,"Native fourth-edition §5.3 randomized algorithms with an executable functional Fisher–Yates shuffle, its recursive one-swap invariant and uniformity proof, RANDOMIZED-HIRE-ASSISTANT, exact expectation transport to uniform permutations, the executable count as a sum of prefix-record indicators, the probability 1/(i+1) of each record event, and the resulting harmonic expected hire count and logarithmic expected hiring cost. Legacy CLRSLean.Chapter_05.Section_05_3_Randomized_Algorithms forwards to it during the compatibility period."
5,5.4,Probabilistic Analysis and Randomized Algorithms,Probabilistic analysis and further uses of indicator random variables,native,CLRSLean.FourthEdition.Chapter_05.Section_05_4_Probabilistic_Analysis,CLRS third edition Chapter 5,"Native §5.4: birthday-pair and occupancy expectations; fair-coin longest-run tail bound, expectedLongestStreak_le (E[L]<=log2 n+2), and expectedLongestStreak_lowerBound (E[L]>=log2 n/8 for n>=16). The companion OnlineHiring page contains the threshold strategy, harmonic success formula and 1/e limit."
6,6.1,Heapsort,Heaps,native,CLRSLean.FourthEdition.Chapter_06.Section_06_1_Heaps,CLRS third edition Chapter 6,"Native fourth-edition §6.1 Heaps: the indexed heap predicate and root-maximum facts. Legacy CLRSLean.Chapter_06 forwards to it during the compatibility period. ArrayMaxHeapFrom checks every parent index >= start, including nodes outside the start descendant subtree. Heapify repair uses this stronger suffix invariant; bottom-up build maintains it."
6,6.2,Heapsort,Maintaining the heap property,native,CLRSLean.FourthEdition.Chapter_06.Section_06_2_Maintaining_Heap_Property,CLRS third edition Chapter 6,"Native fourth-edition §6.2 Maintaining the heap property: fuelled MAX-HEAPIFY recursive repair. Legacy CLRSLean.Chapter_06 forwards to it during the compatibility period. ArrayMaxHeapFrom checks every parent index >= start, including nodes outside the start descendant subtree. Heapify repair uses this stronger suffix invariant; bottom-up build maintains it."
6,6.3,Heapsort,Building a heap,native,CLRSLean.FourthEdition.Chapter_06.Section_06_3_Building_A_Heap,CLRS third edition Chapter 6,Native fourth-edition §6.3 Building a heap: bottom-up repeated MAX-HEAPIFY. Legacy CLRSLean.Chapter_06 forwards to it during the compatibility period.
6,6.4,Heapsort,The heapsort algorithm,native,CLRSLean.FourthEdition.Chapter_06.Section_06_4_Heapsort;CLRSLean.FourthEdition.Chapter_06.Section_06_4_Heapsort.CostedExecution,CLRS third edition Chapter 6,Native fourth-edition §6.4 The heapsort algorithm (including the nested costed-execution development). Legacy CLRSLean.Chapter_06 forwards to it during the compatibility period.
6,6.5,Heapsort,Priority queues,native,CLRSLean.FourthEdition.Chapter_06.Section_06_5_Priority_Queues;CLRSLean.FourthEdition.Chapter_06.Section_06_5_Priority_Queues.Insert,CLRS third edition Chapter 6,Native fourth-edition §6.5 Priority queues: the functional heap interface and array-level state theorems including checked active-prefix MAX-HEAP-INSERT and its logarithmic bubbling cost. Legacy CLRSLean.Chapter_06 forwards to it during the compatibility period.
7,7.1,Quicksort,Description of quicksort,native,CLRSLean.FourthEdition.Chapter_07.Section_07_1_Description_Of_Quicksort,CLRS third edition Chapter 7,Native fourth-edition §7.1 Description of quicksort. Legacy CLRSLean.Chapter_07.Section_07_1_Description_Of_Quicksort forwards to it during the compatibility period.
7,7.2,Quicksort,Performance of quicksort,native,CLRSLean.FourthEdition.Chapter_07.Section_07_2_Performance_Of_Quicksort,CLRS third edition Chapter 7,Native fourth-edition §7.2 Performance of quicksort. Legacy CLRSLean.Chapter_07.Section_07_2_Performance_Of_Quicksort forwards to it during the compatibility period.
7,7.3,Quicksort,A randomized version of quicksort,native,CLRSLean.FourthEdition.Chapter_07.Section_07_3_Randomized_Quicksort;CLRSLean.FourthEdition.Chapter_07.Section_07_3_Randomized_Quicksort.ExplicitRandomness.OperationalBridge,CLRS third edition Chapter 7,Native fourth-edition §7.3 A randomized version of quicksort: the uniform priority-permutation sample space feeds executable first-pivot quicksort; pivot symmetry is proved by transposition; a natural pair-trace counter is decomposed into indicators and proved pointwise equal to the recursive quicksort comparison counter through randomly built BST depth; and the operational counter has the exact textbook expectation and Theta(n log n). Legacy CLRSLean.Chapter_07.Section_07_3_Randomized_Quicksort forwards to it during the compatibility period.
7,7.4,Quicksort,Analysis of quicksort,native,CLRSLean.FourthEdition.Chapter_07.Section_07_4_Analysis_Of_Quicksort,CLRS third edition Chapter 7,Native fourth-edition §7.4 Analysis of quicksort. The expected running time of randomized quicksort is proved: E[X] = Σ_{i<j} 2/(j-i+1) (indicator decomposition) and the Θ(n log n) bound (Theorem 7.1). Legacy CLRSLean.Chapter_07.Section_07_4_Analysis_Of_Quicksort forwards to it during the compatibility period.
8,8.1,Sorting in Linear Time,Lower bounds for sorting,native,CLRSLean.FourthEdition.Chapter_08.Section_08_1_Lower_Bound_For_Sorting;CLRSLean.FourthEdition.Chapter_08.Section_08_1_Lower_Bound_For_Sorting.Execution,CLRS third edition Chapter 8,"Comparison-tree structural bounds plus counted interpretation. comparisonSort_exists_run_lowerBound proves some actual input reaches at least (n/2)log2 n comparisons, even with infeasible branches; the old worstCase theorem retains its structural-height meaning."
8,8.2,Sorting in Linear Time,Counting sort,native,CLRSLean.FourthEdition.Chapter_08.Section_08_2_Counting_Sort;CLRSLean.FourthEdition.Chapter_08.Section_08_2_Counting_Sort.CountTables;CLRSLean.FourthEdition.Chapter_08.Section_08_2_Counting_Sort.MutableOutputArray;CLRSLean.FourthEdition.Chapter_08.Section_08_2_Counting_Sort.Execution,CLRS third edition Chapter 8,"Stable indexed-bucket execution scans inputs once and emits stored buckets once. CountingExecution.execute_result refines the stable specification, including out-of-range omissions. Under bounded keys, actual controller visits are 2n+2(k+1), expanded indexed operations 6n+2(k+1). Public countingSortArray uses this execution; cumulative-count/scatter helpers are specifications, not the executed linear controller."
8,8.3,Sorting in Linear Time,Radix sort,native,CLRSLean.FourthEdition.Chapter_08.Section_08_3_Radix_Sort,CLRS third edition Chapter 8,Stable low-to-high radix passes call CountingExecution.execute and project its actual output/ledger. Controller visits d*(2n+2(k+1)) and expanded indexed work d*(6n+2(k+1)) hold under bounded digit keys; numeric-order and permutation contracts retained.
8,8.4,Sorting in Linear Time,Bucket sort,native,CLRSLean.FourthEdition.Chapter_08.Section_08_4_Bucket_Sort;CLRSLean.FourthEdition.Chapter_08.Section_08_4_Bucket_Sort.ExpectedExecution,CLRS third edition Chapter 8,Public bucket sort uses shared stable indexed distribution and instrumented insertion/emission. Returned work is <=2m+6n+2*sum(bucketSize^2). ExpectedExecution proves <=12n and O(n) expected returned work for m=n independent uniform bucket assignments. Correctness additionally requires cross-bucket order. Legacy bucketSortByRankCost is an abstract occupancy budget.
9,9.1,Medians and Order Statistics,Minimum and maximum,native,CLRSLean.FourthEdition.Chapter_09.Section_09_1_Minimum_And_Maximum,CLRS third edition Chapter 9,Native fourth-edition §9.1 Minimum and maximum. Legacy CLRSLean.Chapter_09.Section_09_1_Minimum_And_Maximum forwards to it during the compatibility period.
9,9.2,Medians and Order Statistics,Selection in expected linear time,native,CLRSLean.FourthEdition.Chapter_09.Section_09_2_Selection_In_Expected_Linear_Time,CLRS third edition Chapter 9,Native fourth-edition §9.2 Selection in expected linear time. Legacy CLRSLean.Chapter_09.Section_09_2_Select_By_Rank forwards to it during the compatibility period.
9,9.3,Medians and Order Statistics,Selection in worst-case linear time,native,CLRSLean.FourthEdition.Chapter_09.Section_09_3_Selection_In_Worst_Case_Linear_Time,CLRS third edition Chapter 9,Native fourth-edition §9.3 Selection in worst-case linear time. Legacy CLRSLean.Chapter_09.Section_09_3_Deterministic_Select forwards to it during the compatibility period.
10,10.1,Elementary Data Structures,Simple array-based data structures,native,CLRSLean.FourthEdition.Chapter_10.Section_10_1_Simple_Array_Based_Data_Structures,CLRS third edition Chapter 10,Valid stack/queue constructors and successful-operation validity/capacity preservation. Queue operations reject invalid raw pointers and zero capacity. Array layer proves valid transitions/local round trips; functional-list model proves general FIFO.
10,10.2,Elementary Data Structures,Linked lists,native,CLRSLean.FourthEdition.Chapter_10.Section_10_2_Linked_Lists,CLRS third edition Chapter 10,"Functional linked-list model with first-match search, none completeness and minimal returned index. Delete-all removes all equal values, not a single node identity."
10,10.3,Elementary Data Structures,Representing rooted trees,native,CLRSLean.FourthEdition.Chapter_10.Section_10_3_Representing_Rooted_Trees,CLRS third edition Chapter 10,Fourth-edition rooted-tree/LCRS representation round trips and traversal/size preservation; legacy §10.4 path retained only for compatibility.
11,11.1,Hash Tables,Direct-address tables,native,CLRSLean.FourthEdition.Chapter_11.Section_11_1_Direct_Address_Tables,CLRS third edition Chapter 11,Native fourth-edition §11.1 Direct-address tables. Legacy CLRSLean.Chapter_11.Section_11_1_Direct_Address_Tables forwards to it during the compatibility period.
11,11.2,Hash Tables,Hash tables,native,CLRSLean.FourthEdition.Chapter_11.Section_11_2_Chained_Hash_Tables,CLRS third edition Chapter 11,Native fourth-edition §11.2 Hash tables. Legacy CLRSLean.Chapter_11.Section_11_2_Chained_Hash_Tables forwards to it during the compatibility period.
11,11.3,Hash Tables,Hash functions,native,CLRSLean.FourthEdition.Chapter_11.Section_11_3_Hash_Functions,CLRS third edition Chapter 11,Native fourth-edition §11.3 Hash functions. Legacy CLRSLean.Chapter_11.Section_11_3_Hash_Functions forwards to it during the compatibility period.
11,11.4,Hash Tables,Open addressing,native,CLRSLean.FourthEdition.Chapter_11.Section_11_4_Open_Addressing,CLRS third edition Chapter 11,Native fourth-edition §11.4 Open addressing. Legacy CLRSLean.Chapter_11.Section_11_4_Open_Addressing forwards to it during the compatibility period.
11,11.5,Hash Tables,Practical considerations,native,CLRSLean.FourthEdition.Chapter_11.Section_11_5_Perfect_Hashing;CLRSLean.FourthEdition.Chapter_11.Section_11_5_Perfect_Hashing.Construction,CLRS third edition Section 11.5,"Stored-key-only secondary injectivity and exact membership search. SUHA secondary success/space bounds; finite-trial array constructor with guaranteed terminal fallback, actual attempts and counted placement/assembly, conditional work <=9*constructionCost and nested expected work <45n. Local bucket-index hashes; constant-time original-key hash-code generation and machine costs are not proved."
12,12.1,Binary Search Trees,What is a binary search tree?,native,CLRSLean.FourthEdition.Chapter_12.Section_12_1_Binary_Search_Trees,CLRS third edition Chapter 12,"Native fourth-edition §12.1 What is a binary search tree?: the functional BST model and its search/insertion/deletion correctness. Legacy CLRSLean.Chapter_12 forwards to it during the compatibility period. Strict natural-key ordering and duplicate-suppressing insertion give set semantics. Pointer representation certifies child structure and disjoint footprints, not parent-field consistency. Random-construction/expected-height modules are supplementary legacy topics, outside the fourth-edition three-section inventory."
12,12.2,Binary Search Trees,Querying a binary search tree,native,CLRSLean.FourthEdition.Chapter_12.Section_12_2_Querying_A_Binary_Search_Tree;CLRSLean.FourthEdition.Chapter_12.Section_12_1_Binary_Search_Trees,CLRS third edition Chapter 12,"Native fourth-edition §12.2 Querying a binary search tree (shared source with §12.1): search, minimum/maximum, and successor/predecessor. Legacy CLRSLean.Chapter_12 forwards to it during the compatibility period. Strict natural-key ordering and duplicate-suppressing insertion give set semantics. Pointer representation certifies child structure and disjoint footprints, not parent-field consistency. Random-construction/expected-height modules are supplementary legacy topics, outside the fourth-edition three-section inventory."
12,12.3,Binary Search Trees,Insertion and deletion,native,CLRSLean.FourthEdition.Chapter_12.Section_12_3_Insertion_And_Deletion;CLRSLean.FourthEdition.Chapter_12.Section_12_1_Binary_Search_Trees,CLRS third edition Chapter 12,"Native fourth-edition §12.3 Insertion and deletion (shared source with §12.1): the ordered insert/delete operations. Legacy CLRSLean.Chapter_12 forwards to it during the compatibility period. Strict natural-key ordering and duplicate-suppressing insertion give set semantics. Pointer representation certifies child structure and disjoint footprints, not parent-field consistency. Random-construction/expected-height modules are supplementary legacy topics, outside the fourth-edition three-section inventory."
13,13.1,Red-Black Trees,Properties of red-black trees,native,CLRSLean.FourthEdition.Chapter_13.Section_13_1_Red_Black_Trees,CLRS third edition Chapter 13,Native fourth-edition §13.1 Properties of red-black trees. Formalizes the color and black-height invariants and proves the logarithmic-height theorem; BST ordering remains a separate invariant. Legacy CLRSLean.Chapter_13.Section_13_1_Red_Black_Trees forwards to it during the compatibility period.
13,13.2,Red-Black Trees,Rotations,native,CLRSLean.FourthEdition.Chapter_13.Section_13_2_Rotations,none,"Pointer rotations reconnect root or old parent, preserve disjoint parent-aware footprints, and refine functional rotations through arbitrary-depth contexts. Nonzero nodes and absent sentinel; representation uniqueness. Rotation 6-assignment budget is an upper bound, not an exact count."
13,13.3,Red-Black Trees,Insertion,native,CLRSLean.FourthEdition.Chapter_13.Section_13_3_Insertion,none,"Functional Okasaki insertion preserves BST, membership, and red-black shape. insertCost is a logarithmic search-descent analysis budget; no complete insertion/fixup execution domination theorem."
13,13.4,Red-Black Trees,Deletion,native,CLRSLean.FourthEdition.Chapter_13.Section_13_4_Deletion,none,"Functional deletion preserves BST, membership, and red-black shape. deleteCost is a logarithmic descent/subtree-height analysis budget; join/fixup/pointer work is not connected to it."
14,14.1,Dynamic Programming,Rod cutting,native,CLRSLean.FourthEdition.Chapter_14.Section_14_1_Rod_Cutting;CLRSLean.FourthEdition.Chapter_14.Section_14_1_Rod_Cutting.Execution,none,"Optimal cut reconstruction and top-down cache-value correctness. Counted bottom-up array execution shares its preceding array, refines every stored revenue, visits n(n+1)/2 candidates and writes n+1 entries. The counter does not measure the separate top-down memoized evaluator."
14,14.2,Dynamic Programming,Matrix-chain multiplication,native,CLRSLean.FourthEdition.Chapter_14.Section_14_2_Matrix_Chain_Multiplication;CLRSLean.FourthEdition.Chapter_14.Section_14_2_Matrix_Chain_Multiplication.Execution,none,"Actual interval-row arrays store costs and minimizing splits; dependency-order refinement to recursive matrixChainOpt, reconstruction from stored splits, exact accumulated cell/candidate counts. Execution parameter N is the largest matrix index (N+1 matrices). Old cost evaluator and independent formulas are not tabulation."
14,14.3,Dynamic Programming,Elements of dynamic programming,native,CLRSLean.FourthEdition.Chapter_14.Section_14_3_Elements_Of_Dynamic_Programming;CLRSLean.FourthEdition.Chapter_14.Section_14_3_Elements_Of_Dynamic_Programming.Execution,none,"Generic append-only row execution with dependency-order invariant, actual cell writes and candidate visits, instantiated by matrix-chain and optimal BST. Cache consistency and distinctCacheStates_le_length alone do not prove once-per-state execution."
14,14.4,Dynamic Programming,Longest common subsequence,native,CLRSLean.FourthEdition.Chapter_14.Section_14_4_Longest_Common_Subsequence;CLRSLean.FourthEdition.Chapter_14.Section_14_4_Longest_Common_Subsequence.Tabulation,none,"Rolling-row lcsLengthTabulated refines every recursive specification entry; actual cell visits exactly (m+1)(n+1), returned row length n+1. Old lcsLength repeats subproblems; legacy reconstruction has no quadratic runtime claim. Cell model excludes equality/bit/allocator internals and proves no peak-memory bound."
14,14.5,Dynamic Programming,Optimal binary search trees,native,CLRSLean.FourthEdition.Chapter_14.Section_14_5_Optimal_Binary_Search_Trees;CLRSLean.FourthEdition.Chapter_14.Section_14_5_Optimal_Binary_Search_Trees.Execution,none,"Actual interval rows store costs, cached weights and minimizing roots; recurrence refinement and reconstruction from stored roots, with executed cell/candidate counters. Nonnegative integer weights p q, not arbitrary normalized real probabilities. Legacy bottomUpOBST remains a recursive specification."
15,15.1,Greedy Algorithms,An activity-selection problem,native,CLRSLean.FourthEdition.Chapter_15.Section_15_1_Activity_Selection;CLRSLean.FourthEdition.Chapter_15.Section_15_1_Activity_Selection.TextbookModel;CLRSLean.FourthEdition.Chapter_15.Section_15_1_Activity_Selection.Iterative,CLRS third edition Section 16.1,"Native fourth-edition source: sorted-list activity-selection optimality, an explicit positive-duration textbook input layer, an iterative selector proved equal to the recursive selector, and an exact one-check-per-activity scan count. Legacy Section 16.1 forwards to the core source during the compatibility period."
15,15.2,Greedy Algorithms,Elements of the greedy strategy,native,CLRSLean.FourthEdition.Chapter_15.Section_15_2_Greedy_Meta;CLRSLean.FourthEdition.Chapter_15.Section_15_2_Greedy_Meta.ActivitySelection,CLRS third edition Section 16.2,"Native fourth-edition source: solver-independent greedy-choice and optimal-substructure properties, the gsolve optimality meta-theorem, and a proved activity-selection instance recovering the concrete §15.1 algorithm. Legacy Section 16.2 forwards to the core source during the compatibility period."
15,15.3,Greedy Algorithms,Huffman codes,native,CLRSLean.FourthEdition.Chapter_15.Section_15_3_Huffman_Codes;CLRSLean.FourthEdition.Chapter_15.Section_15_3_Huffman_Codes.TextbookCost;CLRSLean.FourthEdition.Chapter_15.Section_15_3_Huffman_Codes.TextbookLemmas;CLRSLean.FourthEdition.Chapter_15.Section_15_3_Huffman_Codes.Complexity;CLRSLean.FourthEdition.Chapter_15.Section_15_3_Huffman_Codes.HeapExecution,CLRS third edition Section 16.3,"Native fourth-edition source: the self-contained Huffman optimality proof, the equation (15.4) leaf-depth cost bridge, standalone Lemma 15.2/15.3 interfaces, a quadratic comparison bound for the reference list implementation, and a verified stable binary-min-heap execution that refines the same result exactly and carries an attached n-log-n controller-work bound. Legacy Section 16.3 forwards to the core source during the compatibility period."
15,15.4,Greedy Algorithms,Offline caching,native,CLRSLean.FourthEdition.Chapter_15.Section_15_4_Offline_Caching;CLRSLean.FourthEdition.Chapter_15.Section_15_4_Offline_Caching.S1_Cache_Model;CLRSLean.FourthEdition.Chapter_15.Section_15_4_Offline_Caching.S2_Farthest_In_Future;CLRSLean.FourthEdition.Chapter_15.Section_15_4_Offline_Caching.S3_Optimality;CLRSLean.FourthEdition.Chapter_15.Section_15_4_Offline_Caching.EmptyStart,none,"Farthest-in-future optimality for nonempty eviction-phase caches. Literal-empty core has capacity one after first load, now stated as a theorem. General-capacity compulsoryFillCost is only an arithmetic bridge for supplied fill cost/resident/suffix, not a capacity-parametric empty-start fill execution."
16,16.1,Amortized Analysis,Aggregate analysis,native,CLRSLean.FourthEdition.Chapter_16.Section_16_1_Amortized_Framework,CLRS third edition Chapter 17,Native fourth-edition source: the aggregate/accounting/potential-method framework (Sections 16.1-16.3).
16,16.2,Amortized Analysis,The accounting method,native,CLRSLean.FourthEdition.Chapter_16.Section_16_2_The_Accounting_Method;CLRSLean.FourthEdition.Chapter_16.Section_16_1_Amortized_Framework.Section_16_2_Stack_And_Counter;CLRSLean.FourthEdition.Chapter_16.Section_16_1_Amortized_Framework.Section_16_2_Stack_And_Counter.StackExecution,CLRS third edition Chapter 17,Accounting framework and executable binary-counter flip analysis. Mixed PUSH/POP/MULTIPOP execution returns final stack and per-command removed values; actual pushes/pops obey exact conservation. From empty total pops <=pushes; command plus cell-event work <=3n. Initial-stack credit is explicit.
16,16.3,Amortized Analysis,The potential method,native,CLRSLean.FourthEdition.Chapter_16.Section_16_3_The_Potential_Method;CLRSLean.FourthEdition.Chapter_16.Section_16_1_Amortized_Framework,CLRS third edition Chapter 17,Native fourth-edition source: the potential-method framework (Sections 16.1-16.3).
16,16.4,Amortized Analysis,Dynamic tables,native,CLRSLean.FourthEdition.Chapter_16.Section_16_4_Dynamic_Tables,CLRS third edition Chapter 17,Native fourth-edition source: the dynamic-tables development.
17,17.1,Augmenting Data Structures,Dynamic order statistics,native,CLRSLean.FourthEdition.Chapter_17.Section_17_1_Dynamic_Order_Statistics,none,"Cached and recursive zero-based ranks agree under WellSized; strict BST identifies both with cardinality of keys strictly below any query, including absent queries. Query descent logarithmic under input RB shape."
17,17.2,Augmenting Data Structures,How to augment a data structure,native,CLRSLean.FourthEdition.Chapter_17.Section_17_2_Augmenting_Data_Structures,none,Actual cached-field insertion/rotations refine legacy recomputing insertion on WellAugmented inputs. Same run counts <=5h+1 combine calls and <=2h rotations; logarithmic maintenance bound on Nat-key RB-shaped inputs. Old c*(h+1) is only an abstract budget. No counted cached deletion or allocator runtime theorem.
17,17.3,Augmenting Data Structures,Interval trees,native,CLRSLean.FourthEdition.Chapter_17.Section_17_3_Interval_Trees,none,"Lexicographic (low,high) insertion retains distinct equal-low intervals and suppresses only exact duplicates. Full-key membership, strict/weak BST preservation, and complete overlap search after insertion, also transferred to cached counted insertion. Query log bound assumes RB shape; old search cost is a conservative descent budget."
18,18.1,B-Trees,Definition of B-trees,native,CLRSLean.FourthEdition.Chapter_18.Section_18_1_B_Tree_Model;CLRSLean.FourthEdition.Chapter_18.Section_18_1_B_Tree_Model.Search;CLRSLean.FourthEdition.Chapter_18.Section_18_1_B_Tree_Model.HeightBound;CLRSLean.FourthEdition.Chapter_18.Section_18_1_B_Tree_Model.RunningTime,CLRS third edition Chapter 18,"Native fourth-edition §18.1 Definition of B-trees (including the nested search, height-bound, and running-time developments). Legacy CLRSLean.Chapter_18 forwards to it during the compatibility period. Repair #360: running-time formulas count selected recursive descent and a root-split budget; individual split/borrow/merge and max/min helper page visits are not counted. Logarithmic descent bounds remain; no complete page-I/O constant-factor bridge."
18,18.2,B-Trees,Basic operations on B-trees,native,CLRSLean.FourthEdition.Chapter_18.Section_18_2_B_Tree_Insertion,CLRS third edition Chapter 18,Native fourth-edition §18.2 Basic operations on B-trees: the split/insert developments. Legacy CLRSLean.Chapter_18 forwards to it during the compatibility period. Repair #360: running-time formulas count selected recursive descent and a root-split budget; individual split/borrow/merge and max/min helper page visits are not counted. Logarithmic descent bounds remain; no complete page-I/O constant-factor bridge.
18,18.3,B-Trees,Deleting a key from a B-tree,native,CLRSLean.FourthEdition.Chapter_18.Section_18_3_B_Tree_Deletion;CLRSLean.FourthEdition.Chapter_18.Section_18_3_B_Tree_Deletion.ChildBounded;CLRSLean.FourthEdition.Chapter_18.Section_18_3_B_Tree_Deletion.ComposedPreservation;CLRSLean.FourthEdition.Chapter_18.Section_18_3_B_Tree_Deletion.Exact;CLRSLean.FourthEdition.Chapter_18.Section_18_3_B_Tree_Deletion.ExactReassembly;CLRSLean.FourthEdition.Chapter_18.Section_18_3_B_Tree_Deletion.Invariant;CLRSLean.FourthEdition.Chapter_18.Section_18_3_B_Tree_Deletion.KeyMultiset;CLRSLean.FourthEdition.Chapter_18.Section_18_3_B_Tree_Deletion.MergeReassembly;CLRSLean.FourthEdition.Chapter_18.Section_18_3_B_Tree_Deletion.Occupancy;CLRSLean.FourthEdition.Chapter_18.Section_18_3_B_Tree_Deletion.Preservation;CLRSLean.FourthEdition.Chapter_18.Section_18_3_B_Tree_Deletion.Reassembly;CLRSLean.FourthEdition.Chapter_18.Section_18_3_B_Tree_Deletion.Repair;CLRSLean.FourthEdition.Chapter_18.Section_18_3_B_Tree_Deletion.Rotation;CLRSLean.FourthEdition.Chapter_18.Section_18_3_B_Tree_Deletion.RotationBounds;CLRSLean.FourthEdition.Chapter_18.Section_18_3_B_Tree_Deletion.RotationReassembly;CLRSLean.FourthEdition.Chapter_18.Section_18_3_B_Tree_Deletion.SameDepthHeight;CLRSLean.FourthEdition.Chapter_18.Section_18_3_B_Tree_Deletion.Sorted;CLRSLean.FourthEdition.Chapter_18.Section_18_3_B_Tree_Deletion.Subset;CLRSLean.FourthEdition.Chapter_18.Section_18_3_B_Tree_Deletion.WellFormed,CLRS third edition Chapter 18,Native fourth-edition §18.3 Deleting a key from a B-tree (including the nested deletion-invariant and reassembly developments). Legacy CLRSLean.Chapter_18 forwards to it during the compatibility period. Repair #360: running-time formulas count selected recursive descent and a root-split budget; individual split/borrow/merge and max/min helper page visits are not counted. Logarithmic descent bounds remain; no complete page-I/O constant-factor bridge.
19,19.1,Data Structures for Disjoint Sets,Disjoint-set operations,native,CLRSLean.FourthEdition.Chapter_19.Section_19_1_Disjoint_Set_Operations,CLRS third edition Chapter 21,Native fourth-edition §19.1 Disjoint-set operations.
19,19.2,Data Structures for Disjoint Sets,Linked-list representation of disjoint sets,native,CLRSLean.FourthEdition.Chapter_19.Section_19_2_Linked_List_Representation;CLRSLean.FourthEdition.Chapter_19.Section_19_2_Linked_List_Representation.WeightedExecution,CLRS third edition Chapter 21,"Mixed weighted UNION/FIND head-table execution constructs actual pre/post pointer-change lists and per-key counts. Singleton initialization plus maintained size=class-cardinality yields total rewrites <=n log2 n, exact partition refinement and representative query outputs. Native recorded-size charge equals changes only under Sized. Command-plus-rewrite charge excludes audit enumeration and allocator runtime."
19,19.3,Data Structures for Disjoint Sets,Disjoint-set forests,native,CLRSLean.FourthEdition.Chapter_19.Section_19_3_Disjoint_Set_Forests,CLRS third edition Chapter 21,Native fourth-edition §19.3 Disjoint-set forests.
19,19.4,Data Structures for Disjoint Sets,Analysis of union by rank with path compression,native,CLRSLean.FourthEdition.Chapter_19.Section_19_4_Analysis,CLRS third edition Chapter 21,Native fourth-edition §19.4 Analysis of union by rank with path compression.
20,20.1,Elementary Graph Algorithms,Representations of graphs,native,CLRSLean.FourthEdition.Chapter_20.Section_20_1_Representing_Graphs,CLRS third edition Chapter 22,Native fourth-edition §20.1 Representations of graphs.
20,20.2,Elementary Graph Algorithms,Breadth-first search,native,CLRSLean.FourthEdition.Chapter_20.Section_20_2_BFS,CLRS third edition Chapter 22,Native fourth-edition §20.2 Breadth-first search.
20,20.3,Elementary Graph Algorithms,Depth-first search,native,CLRSLean.FourthEdition.Chapter_20.Section_20_3_DFS,CLRS third edition Chapter 22,Native fourth-edition §20.3 Depth-first search.
20,20.4,Elementary Graph Algorithms,Topological sort,native,CLRSLean.FourthEdition.Chapter_20.Section_20_4_Topological_Sort,CLRS third edition Chapter 22,Native fourth-edition §20.4 Topological sort. Repair #362: finish times are merge-sorted; sorting/comparison work is not included in the proved standalone DFS V+E controller counter. Order/SCC partition correctness does not imply linear total execution time for this entry point.
20,20.5,Elementary Graph Algorithms,Strongly connected components,native,CLRSLean.FourthEdition.Chapter_20.Section_20_5_Strongly_Connected_Components,CLRS third edition Chapter 22,Native fourth-edition §20.5 Strongly connected components. Repair #362: finish times are merge-sorted; sorting/comparison work is not included in the proved standalone DFS V+E controller counter. Order/SCC partition correctness does not imply linear total execution time for this entry point.
21,21.1,Minimum Spanning Trees,Growing a minimum spanning tree,native,CLRSLean.FourthEdition.Chapter_21.Section_21_1_Growing_Minimum_Spanning_Trees,CLRS third edition Chapter 23,Native fourth-edition §21.1 Growing a minimum spanning tree.
21,21.2,Minimum Spanning Trees,The algorithms of Kruskal and Prim,native,CLRSLean.FourthEdition.Chapter_21.Section_21_2_Kruskal_And_Prim;CLRSLean.FourthEdition.Chapter_21.Section_21_2_Kruskal_And_Prim.S4_Completion;CLRSLean.FourthEdition.Chapter_21.Section_21_2_Kruskal_And_Prim.S5_CountedFrontier;CLRSLean.FourthEdition.Chapter_21.Section_21_2_Kruskal_And_Prim.S6_ArrayPrim,CLRS third edition Chapter 23,"Native fourth-edition §21.2. Prim completion derives a spanning certificate and MST from sufficient-fuel execution under connectedness, exact components and the existing crossing-edge identifier premise, without a supplied final certificate or initial MST. ArrayPrim executes cached array keys/parents over supplied adjacency rows, proving actual cell work <=2n²+5n+6E, at most n extractions and 2E row entries; n=V for a full vertex universe. Initialization is included; adjacency conversion, allocation and bit costs are not. The old heap expression is conditional, and Kruskal combines a sorting budget with the actual union-find scan."
22,22.1,Single-Source Shortest Paths,The Bellman–Ford algorithm,native,CLRSLean.FourthEdition.Chapter_22.Section_22_1_Bellman_Ford,CLRS third edition Chapter 24,"Native fourth-edition §22.1. Global NoNegCycle is a valid-input premise; no reachable-negative-cycle failure result. The O(VE) expression is a round/edge budget, not a counted stored implementation."
22,22.2,Single-Source Shortest Paths,Single-source shortest paths in directed acyclic graphs,native,CLRSLean.FourthEdition.Chapter_22.Section_22_2_SSSP_In_DAGs,CLRS third edition Chapter 24,"Native fourth-edition §22.2. Requires a supplied complete unique topological order, with no bridge from the Chapter 20 sorter. The V+E expression is an abstract budget."
22,22.3,Single-Source Shortest Paths,Dijkstra’s algorithm,native,CLRSLean.FourthEdition.Chapter_22.Section_22_3_Dijkstra,CLRS third edition Chapter 24,"Native fourth-edition §22.3. Nonnegative-weight greedy-loop correctness. The binary-heap expression is an independent backend budget, not attached to the abstract minimum selector."
22,22.4,Single-Source Shortest Paths,Difference constraints and shortest paths,native,CLRSLean.FourthEdition.Chapter_22.Section_22_4_Difference_Constraints,CLRS third edition Chapter 24,Native fourth-edition §22.4. Fresh source reaches every variable; global absence of negative cycles characterizes feasibility.
22,22.5,Single-Source Shortest Paths,Proofs of shortest-paths properties,native,CLRSLean.FourthEdition.Chapter_22.Section_22_5_Shortest_Path_Properties; CLRSLean.FourthEdition.Chapter_22.Section_22_5_Shortest_Path_Properties.PredecessorTree,CLRS third edition Chapter 24,"Native fourth-edition §22.5. shortestPathTree builds tight edges from computed distances and returns BFS parents/depths; reachable coverage, weighted shortest parent paths and acyclicity hold even with zero-weight cycles. The legacy independent predecessor only proves edge tightness; no runtime claim for the new classical tree constructor."
23,23.1,All-Pairs Shortest Paths,Shortest paths and matrix multiplication,native,CLRSLean.FourthEdition.Chapter_23.Section_23_1_All_Pairs_Model;CLRSLean.FourthEdition.Chapter_23.MatrixExecution.Reindex,CLRS third edition Chapter 25,"Native fourth-edition §23.1. Cycle-safe Floyd initialization preserves negative self-edges; the negative-diagonal test is equivalent to a negative closed walk, without NoNegCycle. Under NoNegCycle it agrees with legacy distances. MatrixExecution stores each prior table once and proves exact n³ Floyd updates, q*n³ min-plus candidate visits, separate table writes and n diagonal probes, over an explicit finite-carrier equivalence. JohnsonExecution stores BF rounds, potentials, reweighted matrix and each scan-queue source result on Fin n; actual work <=4n³+14n²+12n+4. Johnson assumes global NoNegCycle, has no failure result and does not implement the legacy heap budget. Models exclude exact-real primitive internals, indexed/dictionary lookup internals, allocation and bit costs."
23,23.2,All-Pairs Shortest Paths,The Floyd–Warshall algorithm,native,CLRSLean.FourthEdition.Chapter_23.Section_23_2_Floyd_Warshall;CLRSLean.FourthEdition.Chapter_23.Section_23_2_Floyd_Warshall.NegativeCycle;CLRSLean.FourthEdition.Chapter_23.MatrixExecution.Reindex,CLRS third edition Chapter 25,"Native fourth-edition §23.2. Cycle-safe Floyd initialization preserves negative self-edges; the negative-diagonal test is equivalent to a negative closed walk, without NoNegCycle. Under NoNegCycle it agrees with legacy distances. MatrixExecution stores each prior table once and proves exact n³ Floyd updates, q*n³ min-plus candidate visits, separate table writes and n diagonal probes, over an explicit finite-carrier equivalence. JohnsonExecution stores BF rounds, potentials, reweighted matrix and each scan-queue source result on Fin n; actual work <=4n³+14n²+12n+4. Johnson assumes global NoNegCycle, has no failure result and does not implement the legacy heap budget. Models exclude exact-real primitive internals, indexed/dictionary lookup internals, allocation and bit costs."
23,23.3,All-Pairs Shortest Paths,Johnson’s algorithm for sparse graphs,native,CLRSLean.FourthEdition.Chapter_23.Section_23_3_Johnsons_Algorithm;CLRSLean.FourthEdition.Chapter_23.Section_23_3_Johnsons_Algorithm.Execution,CLRS third edition Chapter 25,"Native fourth-edition §23.3. Cycle-safe Floyd initialization preserves negative self-edges; the negative-diagonal test is equivalent to a negative closed walk, without NoNegCycle. Under NoNegCycle it agrees with legacy distances. MatrixExecution stores each prior table once and proves exact n³ Floyd updates, q*n³ min-plus candidate visits, separate table writes and n diagonal probes, over an explicit finite-carrier equivalence. JohnsonExecution stores BF rounds, potentials, reweighted matrix and each scan-queue source result on Fin n; actual work <=4n³+14n²+12n+4. Johnson assumes global NoNegCycle, has no failure result and does not implement the legacy heap budget. Models exclude exact-real primitive internals, indexed/dictionary lookup internals, allocation and bit costs."
24,24.1,Maximum Flow,Flow networks,native,CLRSLean.FourthEdition.Chapter_24.Section_24_1_Flow_Networks,CLRS third edition Chapter 26,Native fourth-edition §24.1 Flow networks.
24,24.2,Maximum Flow,The Ford–Fulkerson method,native,CLRSLean.FourthEdition.Chapter_24.Section_24_2_Edmonds_Karp;CLRSLean.FourthEdition.Chapter_24.Section_24_6_MaxFlow_MinCut;CLRSLean.FourthEdition.Chapter_24.Section_24_2_Edmonds_Karp.S5_SparseExecution,CLRS third edition Chapter 26,"Native fourth-edition §24.2, with Theorem24.6 max-flow/min-cut. SparseEK executes support BFS, saved-parent recovery, bottleneck scanning and forward/reverse updates on one actual timeline. A nodup complete positive-capacity arc list is explicit input. At most 2VE augmentations and work <=130VE² for E>0; empty support costs <=V+2. V includes isolated vertices. Unit-cost dictionary/queue/bucket/exact-real model; no erasure to the older choice sequence or persistent-copying/bit-runtime claim."
24,24.3,Maximum Flow,Maximum bipartite matching,native,CLRSLean.FourthEdition.Chapter_24.Section_24_3_Bipartite_Matching,CLRS third edition Chapter 26,Native fourth-edition §24.3 Maximum bipartite matching.
24,24.4,Maximum Flow,Push-relabel algorithms,native,CLRSLean.FourthEdition.Chapter_24.Section_24_4_Push_Relabel,CLRS third edition Chapter 26,"Native fourth-edition source: the preflow model (capacity, skew symmetry, nonnegative excess off the source), excess and overflow, residual capacity and admissible edges, valid height functions, the push and relabel operations preserving the preflow and valid-height invariants, the overflowing-vertex residual-path-to-source lemma (24.13), the 2|V|-1 height bound (24.14), and the correctness theorem that a preflow with a valid height function and no overflowing vertex induces a maximum flow via max-flow min-cut."
24,24.5,Maximum Flow,Relabel-to-front,native,CLRSLean.FourthEdition.Chapter_24.Section_24_5_Relabel_To_Front;CLRSLean.FourthEdition.Chapter_24.Section_24_5_Relabel_To_Front.Execution,CLRS third edition Chapter 26,"Native fourth-edition §24.5 generic operation bounds plus initialized execution. RelabelExecution constructs source-saturating initialization, cached excess, persistent current-neighbor cursors and actual relabel-to-front control. The controller proves its discharge discipline, terminates without a supplied schedule/terminal certificate, and returns a maximum flow. Actual initialization writes, cursor/list visits, relabel minimum scans and moved cells give <=864V³ weighted scalar/indexed RAM charge, with <=9V³ basic operations. Exact-real/indexed primitives; no persistent-function evaluator, mutable-array refinement, allocation or bit-complexity claim."
25,25.1,Matchings in Bipartite Graphs,Maximum bipartite matching revisited,native,CLRSLean.FourthEdition.Chapter_25.Section_25_1_Maximum_Bipartite_Matching;CLRSLean.FourthEdition.Chapter_25.Section_25_1_Maximum_Bipartite_Matching.S1_Matching_API;CLRSLean.FourthEdition.Chapter_25.Section_25_1_Maximum_Bipartite_Matching.S2_Alternating_Paths;CLRSLean.FourthEdition.Chapter_25.Section_25_1_Maximum_Bipartite_Matching.S3_Simple_Paths;CLRSLean.FourthEdition.Chapter_25.Section_25_1_Maximum_Bipartite_Matching.S4_Matching_Flow;CLRSLean.FourthEdition.Chapter_25.Section_25_1_Maximum_Bipartite_Matching.S5_Residual_Translation;CLRSLean.FourthEdition.Chapter_25.Section_25_1_Maximum_Bipartite_Matching.S6_Berge_Flow_Method;CLRSLean.FourthEdition.Chapter_25.Section_25_1_Maximum_Bipartite_Matching.FlowExecution,CLRS third edition Chapter 26 (maximum bipartite matching via the flow reduction),"Native fourth-edition §25.1. Support-indexed matching execution includes adjacency preparation, BFS, parent/path recovery and matching updates; at most |L| augmentations and work <=20 Vf (Ef+1), where Vf=|V|+2 and Ef=|L|+|E|+|R|=|V|+|E| for the constructed flow network. This is not automatically O(VE) in the original sparse edge count. Woman-pessimality means a matched woman does not strictly prefer her GS partner to any other stable partner; equal-size perfectness supplies matchedness."
25,25.2,Matchings in Bipartite Graphs,The stable-marriage problem,native,CLRSLean.FourthEdition.Chapter_25.Section_25_2_Stable_Marriage;CLRSLean.FourthEdition.Chapter_25.Section_25_2_Stable_Marriage.S1_Preference_Model;CLRSLean.FourthEdition.Chapter_25.Section_25_2_Stable_Marriage.S2_Gale_Shapley;CLRSLean.FourthEdition.Chapter_25.Section_25_2_Stable_Marriage.S3_Optimality,none,"Native fourth-edition §25.2. Support-indexed matching execution includes adjacency preparation, BFS, parent/path recovery and matching updates; at most |L| augmentations and work <=20 Vf (Ef+1), where Vf=|V|+2 and Ef=|L|+|E|+|R|=|V|+|E| for the constructed flow network. This is not automatically O(VE) in the original sparse edge count. Woman-pessimality means a matched woman does not strictly prefer her GS partner to any other stable partner; equal-size perfectness supplies matchedness."
25,25.3,Matchings in Bipartite Graphs,The Hungarian algorithm for the assignment problem,native,CLRSLean.FourthEdition.Chapter_25.Section_25_3_Hungarian_Algorithm,none,"Native fourth-edition source: the assignment-problem model with equal-sized partitions and real weights, Lemma 25.8 (a perfect matching in the equality graph of a feasible potential is optimal), existence of an optimal assignment, the alternating tree with parents and ranks, the potential-adjustment step (minimum-slack delta creates a new tight edge), the augmentation step (a tight edge to a free right vertex yields a larger matching via Berge), the tree-growth step, and the local progress theorem (augment or adjust-and-grow); and the terminating Hungarian loop (edge-tight augmentation, the tree-phase and outer loops, and the optimal assignment that Lemma 25.8 certifies)."
26,26.1,Parallel Algorithms,The basics of fork-join parallelism,native,CLRSLean.FourthEdition.Chapter_26.Section_26_1_Multithreading_Model,CLRS third edition Chapter 27,Native fourth-edition §26.1 The basics of fork-join parallelism.
26,26.2,Parallel Algorithms,Parallel matrix multiplication,native,CLRSLean.FourthEdition.Chapter_26.Section_26_2_Parallel_Matrix_Multiplication;CLRSLean.FourthEdition.Chapter_26.Section_26_2_4_Algorithms,CLRS third edition Chapter 27,"Native fourth-edition §26.2. Actual P-ADD and P-MATMUL constructors execute matrices of dimension 2^k. Exact work/span equalities apply to those runs; arbitrary-n all-input results bound numerical recurrence extensions and do not construct a padding/unpadding execution. Completing greedy scheduling, parallel merge and merge-sort execution/worst-family results retain their stated domains. Allocation/bit costs and runtime threads remain outside the abstract scalar/fork model."
26,26.3,Parallel Algorithms,Parallel merge sort,native,CLRSLean.FourthEdition.Chapter_26.Section_26_3_Parallel_Merge_Sort;CLRSLean.FourthEdition.Chapter_26.Section_26_2_4_Algorithms,CLRS third edition Chapter 27,Native fourth-edition §26.3 Parallel merge sort.
27,27.1,Online Algorithms,Waiting for an elevator,native,CLRSLean.FourthEdition.Chapter_27.Section_27_1_Waiting_For_Elevator,none,"Native fourth-edition §27.1. Rental lower bounds retain positive horizons and positive offline cost, and explicitly rule out smaller ratios. List-update uses key-set equality; physical index/adjacent-swap interpretations require duplicate-free permutations. Paging Algorithm capacity/hit laws now quantify over legal states and flushAlgorithm witnesses inhabitation. Policy adds arbitrary auxiliary state with a concrete LRU recency instance. Every policy run and actual phase offline run generates a legal Schedule. Schedule.lru_k_competitive covers every offline trace. Policy.no_real_competitive covers every real 0<=c<k and arbitrary real additive constant, with nonempty adversarial witnesses and positive capacity."
27,27.2,Online Algorithms,Maintaining a search list,native,CLRSLean.FourthEdition.Chapter_27.Section_27_2_Maintaining_A_Search_List,none,"Native fourth-edition §27.2. Rental lower bounds retain positive horizons and positive offline cost, and explicitly rule out smaller ratios. List-update uses key-set equality; physical index/adjacent-swap interpretations require duplicate-free permutations. Paging Algorithm capacity/hit laws now quantify over legal states and flushAlgorithm witnesses inhabitation. Policy adds arbitrary auxiliary state with a concrete LRU recency instance. Every policy run and actual phase offline run generates a legal Schedule. Schedule.lru_k_competitive covers every offline trace. Policy.no_real_competitive covers every real 0<=c<k and arbitrary real additive constant, with nonempty adversarial witnesses and positive capacity."
27,27.3,Online Algorithms,Online caching,native,CLRSLean.FourthEdition.Chapter_27.Section_27_3_Online_Caching;CLRSLean.FourthEdition.Chapter_27.Section_27_3_Online_Caching.Competitive;CLRSLean.FourthEdition.Chapter_27.Section_27_3_Online_Caching.LowerBound,none,"Native fourth-edition §27.3. Rental lower bounds retain positive horizons and positive offline cost, and explicitly rule out smaller ratios. List-update uses key-set equality; physical index/adjacent-swap interpretations require duplicate-free permutations. Paging Algorithm capacity/hit laws now quantify over legal states and flushAlgorithm witnesses inhabitation. Policy adds arbitrary auxiliary state with a concrete LRU recency instance. Every policy run and actual phase offline run generates a legal Schedule. Schedule.lru_k_competitive covers every offline trace. Policy.no_real_competitive covers every real 0<=c<k and arbitrary real additive constant, with nonempty adversarial witnesses and positive capacity."
28,28.1,Matrix Operations,Solving systems of linear equations,native,CLRSLean.FourthEdition.Chapter_28.Section_28_1_Linear_Equations,CLRS third edition Chapter 28,"Native fourth-edition §28.1. Exact-field counted LUP decomposition and solve correctness are retained, with actual upper bounds <=4n³ and <=2n². The legacy substitution/decomposition/inversion/Cholesky formulas are abstract numerical envelopes with isBigO upper bounds, not two-sided execution theorems. Inversion and Cholesky budgets are not attached to actual algorithms. Floating-point stability, allocation and bit costs remain outside scope."
28,28.2,Matrix Operations,Inverting matrices,native,CLRSLean.FourthEdition.Chapter_28.Section_28_2_Inverting_Matrices,CLRS third edition Chapter 28,Native fourth-edition §28.2 Inverting matrices.
28,28.3,Matrix Operations,Symmetric positive-definite matrices and least-squares approximation,native,CLRSLean.FourthEdition.Chapter_28.Section_28_3_Symmetric_Positive_Definite,CLRS third edition Chapter 28,Native fourth-edition §28.3 Symmetric positive-definite matrices and least-squares approximation.
29,29.1,Linear Programming,Linear programming formulations and algorithms,native,CLRSLean.FourthEdition.Chapter_29.Section_29_1_Standard_And_Slack_Forms,none,"Native fourth-edition §29.1. The canonical guide imports SolverWrapper and its initialized SIMPLEX dictionary machinery from supplementary online material. GeneralLP.solve_complete certifies infeasible, optimal or unbounded outcomes after general-form normalization. No polynomial SIMPLEX or computable exact-real machine execution is claimed."
29,29.2,Linear Programming,Formulating problems as linear programs,native,CLRSLean.FourthEdition.Chapter_29.Section_29_2_Formulating_Problems_As_Linear_Programs,none,Native fourth-edition §29.2: finite StandardLP encodings of shortest path; maximum flow; minimum-cost flow; and multicommodity flow; each with a bidirectional feasibility bridge and objective equality (feasible_iff_toStandardLP; objective_toStandardLP).
29,29.3,Linear Programming,Duality,native,CLRSLean.FourthEdition.Chapter_29.Section_29_3_Duality,none,Native fourth-edition §29.3: weak/strong duality and complementary slackness with canonical ownership (StandardLP.strongDuality; StandardLP.complementarySlackness_iff_optimal) under the FourthEdition duality path.
30,30.1,Polynomials and the FFT,Representing polynomials,native,CLRSLean.FourthEdition.Chapter_30.Section_30_1_Representing_Polynomials,CLRS third edition Chapter 30,Native fourth-edition §30.1 Representing polynomials.
30,30.2,Polynomials and the FFT,The DFT and FFT,native,CLRSLean.FourthEdition.Chapter_30.Section_30_2_DFT_And_FFT,CLRS third edition Chapter 30,Native fourth-edition §30.2. Exact FFT arithmetic fields count a shared butterfly product once for both output slots; function-valued output does not itself memoize repeated evaluation. Iterative nonfinal child-root squaring is excluded setup work. Twiddle generation and bit-reversal movement retain their stated counters. Parallel circuit roots are constants in that distinct model. DFT correctness and asymptotic theorems are preserved within these charge models.
30,30.3,Polynomials and the FFT,FFT circuits,native,CLRSLean.FourthEdition.Chapter_30.Section_30_3_Efficient_FFT_Implementations,CLRS third edition Chapter 30,Native fourth-edition §30.3. Exact FFT arithmetic fields count a shared butterfly product once for both output slots; function-valued output does not itself memoize repeated evaluation. Iterative nonfinal child-root squaring is excluded setup work. Twiddle generation and bit-reversal movement retain their stated counters. Parallel circuit roots are constants in that distinct model. DFT correctness and asymptotic theorems are preserved within these charge models.
31,31.1,Number-Theoretic Algorithms,Elementary number-theoretic notions,native,CLRSLean.FourthEdition.Chapter_31.Section_31_1_Elementary_Number_Theory,CLRS third edition Chapter 31,Native fourth-edition §31.1 Elementary number-theoretic notions.
31,31.2,Number-Theoretic Algorithms,Greatest common divisor,native,CLRSLean.FourthEdition.Chapter_31.Section_31_2_Greatest_Common_Divisor;CLRSLean.FourthEdition.Chapter_31.Section_31_2_Greatest_Common_Divisor.Execution,CLRS third edition Chapter 31,Counted Euclid follows the public first-argument recursion; euclidWithCount_spec proves its returned value equals euclid a b and its actual division count equals euclidDivisions b a. Existing Fibonacci/log bounds use the latter second-argument convention. No bit-runtime claim.
31,31.3,Number-Theoretic Algorithms,Modular arithmetic,native,CLRSLean.FourthEdition.Chapter_31.Section_31_3_Modular_Arithmetic,CLRS third edition Chapter 31,Native fourth-edition §31.3 Modular arithmetic.
31,31.4,Number-Theoretic Algorithms,Solving modular linear equations,native,CLRSLean.FourthEdition.Chapter_31.Section_31_4_Solving_Modular_Linear_Equations,CLRS third edition Chapter 31,Native fourth-edition §31.4 Solving modular linear equations.
31,31.5,Number-Theoretic Algorithms,The Chinese remainder theorem,native,CLRSLean.FourthEdition.Chapter_31.Section_31_5_Chinese_Remainder_Theorem,CLRS third edition Chapter 31,Native fourth-edition §31.5 The Chinese remainder theorem.
31,31.6,Number-Theoretic Algorithms,Powers of an element,native,CLRSLean.FourthEdition.Chapter_31.Section_31_6_Powers_Of_An_Element,CLRS third edition Chapter 31,Native fourth-edition §31.6 Powers of an element.
31,31.7,Number-Theoretic Algorithms,The RSA public-key cryptosystem,native,CLRSLean.FourthEdition.Chapter_31.Section_31_7_RSA;CLRSLean.FourthEdition.Chapter_31.Section_31_7_RSA.KeyRoundTrip,CLRS third edition Chapter 31,"Keys assembled from supplied distinct primes and a coprime exponent satisfy actual encrypt/decrypt roundtrip modulo the generated modulus for all messages; in-range messages recover exactly including noncoprime messages. Encryption/decryption have modular-multiplication bounds. No prime generation, key-assembly runtime or security proof."
31,31.8,Number-Theoretic Algorithms,Primality testing,native,CLRSLean.FourthEdition.Chapter_31.Section_31_8_Primality_Testing;CLRSLean.FourthEdition.Chapter_31.Section_31_8_Primality_Testing.Execution;CLRSLean.FourthEdition.Chapter_31.Section_31_8_Primality_Testing.Probability,CLRS third edition Chapter 31,"Actual MillerRabinExecution.run decides from counted exponentiation/squaring residues and stops before rejected suffixes. Returned modular multiplications are at most 3*length(bases)*Nat.size(n-1); decomposition, comparisons, sampling and bit runtime are excluded. Actual acceptance on the full product of independent uniform nonzero residues has rational probability at most (1/4)^rounds for odd composite n>1. The legacy loop retains a detached exponentiation budget. The 561 Carmichael theorem does not prove minimality."
32,32.1,String Matching,The naive string-matching algorithm,native,CLRSLean.FourthEdition.Chapter_32.Section_32_1_String_Model,CLRS third edition Chapter 32,Native fourth-edition §32.1 The naive string-matching algorithm.
32,32.2,String Matching,The Rabin–Karp algorithm,native,CLRSLean.FourthEdition.Chapter_32.Section_32_2_Rabin_Karp;CLRSLean.FourthEdition.Chapter_32.Section_32_2_Rabin_Karp.CachedPower,none,"Native fourth-edition §32.2. Rabin-Karp CachedPower prepares d^m and both seed hashes once, uses a seven-scalar-operation slide with no exponentiation, and refines every naive matching shift; actual preparation/slide counters are connected to the existing confirmation budget. DFA CachedScan passes a single constructed table and counts transitions; its cell count omits suffix-search construction and list/alphabet lookup, so no efficient runtime is inferred. Suffix sorting counts whole-suffix comparisons, query excludes list indexing/construction/range materialization, and empty patterns return stored positions 0..n-1 without terminal n. Existing KMP control-step proofs remain intact."
32,32.3,String Matching,String matching with finite automata,native,CLRSLean.FourthEdition.Chapter_32.Section_32_3_Finite_Automata;CLRSLean.FourthEdition.Chapter_32.Section_32_3_Finite_Automata.CachedScan,none,"Native fourth-edition §32.3. Rabin-Karp CachedPower prepares d^m and both seed hashes once, uses a seven-scalar-operation slide with no exponentiation, and refines every naive matching shift; actual preparation/slide counters are connected to the existing confirmation budget. DFA CachedScan passes a single constructed table and counts transitions; its cell count omits suffix-search construction and list/alphabet lookup, so no efficient runtime is inferred. Suffix sorting counts whole-suffix comparisons, query excludes list indexing/construction/range materialization, and empty patterns return stored positions 0..n-1 without terminal n. Existing KMP control-step proofs remain intact."
32,32.4,String Matching,The Knuth–Morris–Pratt algorithm,native,CLRSLean.FourthEdition.Chapter_32.Section_32_4_Knuth_Morris_Pratt,none,"Native fourth-edition §32.4 Knuth-Morris-Pratt: the prefix function (prefixLen) with its satisfies/maximal characterization, the Lemma 32.5 chain step (prefixLen_chain_step), the Lemma 32.6 recurrence (prefixLen_snoc_eq), the executable COMPUTE-PREFIX-FUNCTION proved equal to prefixLen (computePrefixFunction_correct), the failure-link search refinement (failureFollow_eq_prefixMatchAux), the all-occurrences KMP scan with one-step transition proof (kmpStep_eq_delta) and naiveMatcher equivalence (kmpMatcher_correct with kmpMatcher_sound/kmpMatcher_complete), and the costed linear-time O(|P|+|T|) construction+scan bound (computePrefixFunctionWithCost_cost_le, kmpMatcherWithCost_cost_le, kmpTotalCost_le)."
32,32.5,String Matching,Suffix arrays,native,CLRSLean.FourthEdition.Chapter_32.Section_32_5_Suffix_Arrays,none,"Native fourth-edition §32.5. Rabin-Karp CachedPower prepares d^m and both seed hashes once, uses a seven-scalar-operation slide with no exponentiation, and refines every naive matching shift; actual preparation/slide counters are connected to the existing confirmation budget. DFA CachedScan passes a single constructed table and counts transitions; its cell count omits suffix-search construction and list/alphabet lookup, so no efficient runtime is inferred. Suffix sorting counts whole-suffix comparisons, query excludes list indexing/construction/range materialization, and empty patterns return stored positions 0..n-1 without terminal n. Existing KMP control-step proofs remain intact."
33,33.1,Machine-Learning Algorithms,Clustering,native,CLRSLean.FourthEdition.Chapter_33.Section_33_1_Clustering,CLRS fourth edition Section 33.1,"Native fourth-edition §33.1 Clustering: the k-means cost, variance decomposition, Lemma 33.1 (mean minimizes within-cluster squared distance), and Theorem 33.2 (a Lloyd iteration never increases the cost)."
33,33.2,Machine-Learning Algorithms,Multiplicative-weights algorithms,native,CLRSLean.FourthEdition.Chapter_33.Section_33_2_Multiplicative_Weights,none,"Native fourth-edition §33.2 Multiplicative-weights: the potential-based analysis of the MWU update rule, the exponential potential chain, and Theorem 33.3 (regret bound against the best expert)."
33,33.3,Machine-Learning Algorithms,Gradient descent,native,CLRSLean.FourthEdition.Chapter_33.Section_33_3_Gradient_Descent,none,"Native fourth-edition §33.3 Gradient descent: the gradient-descent lemma (first-order characterization of convexity), the per-step and telescoping potential inequalities, the total-suboptimality bound, and Theorem 33.8 (convergence bound on the average iterate)."
34,34.1,NP-Completeness,Polynomial time,facade,CLRSLean.FourthEdition.Chapter_34.Section_34_1_Polynomial_Time,CLRS third edition Chapter 34,Canonical fourth-edition reader adapter for §34.1; the imported compatibility section supplies the represented proof interface.
34,34.2,NP-Completeness,Polynomial-time verification,facade,CLRSLean.FourthEdition.Chapter_34.Section_34_2_Polynomial_Time_Verification,CLRS third edition Chapter 34,Canonical fourth-edition reader adapter for §34.2; the imported compatibility section supplies the represented proof interface.
34,34.3,NP-Completeness,NP-completeness and reducibility,facade,CLRSLean.FourthEdition.Chapter_34.Section_34_3_NP_Completeness_And_Reducibility,CLRS third edition Chapter 34,Canonical fourth-edition reader adapter for §34.3; the imported compatibility section supplies the represented proof interface.
34,34.4,NP-Completeness,NP-completeness proofs,facade,CLRSLean.FourthEdition.Chapter_34.Section_34_4_NP_Completeness_Proofs,CLRS third edition Chapter 34,"Canonical fourth-edition reader adapter for §34.4. The concrete CIRCUIT-SAT-to-SAT and SAT-to-3-CNF-SAT machine reductions are proved. Public CLIQUE is the honest serialized graph-plus-k language, with a concrete 3-CNF-SAT reduction. The Cook--Levin whole-tableau circuit is well formed and semantically exact; its gate count, input count, and complete encoding length are polynomially bounded. A fixed polynomial-time TM2 computes the exact Cook--Levin map from the original input, yielding the universal PolyTimeReducible theorem and GeneralCircuitSAT NP-hardness. A concrete polynomial-time certificate checker establishes GeneralCircuitSAT membership in NP, so GeneralCircuitSAT is proved NP-complete. The direct honest GeneralCircuitSAT-to-SAT map has exact raw-string semantics, a cubic output-size bound, and a fixed polynomial-time TM2. The universal NP-hardness chain reaches SAT, 3-CNF-SAT, and public CLIQUE. General CLIQUE has exact certificate semantics, a concrete polynomial-time verifier, membership in NP, and a proved NP-completeness theorem. Standalone SAT and 3-CNF-SAT have total assignment checkers and reduction-backed fixed polynomial-time verifiers, yielding membership in NP and NP-completeness; directly lowering the smaller assignment checkers remains optional."
34,34.5,NP-Completeness,NP-complete problems,facade,CLRSLean.FourthEdition.Chapter_34.Section_34_5_NP_Complete_Problems,CLRS third edition Chapter 34,"Canonical fourth-edition reader adapter for §34.5. The selected textbook chain is proved end to end at both the typed semantic and strict serialized layers. CLIQUE / VERTEX-COVER, VERTEX-COVER / HAM-CYCLE, HAM-CYCLE / decision-TSP, and 3-CNF-SAT / SUBSET-SUM have exact semantic bridges. The public targets have honest raw languages, bounded certificate interfaces, fixed polynomial-time reduction and verifier machines, and the proved wrappers VERTEXCOVER_npComplete, HAMCYCLE_npComplete, TSP_npComplete, and SUBSETSUM_npComplete. The SUBSET-SUM reduction uses explicit carry-free column packing and a total guarded bit/radix generator; duplicate literal occurrences are supported."
35,35.1,Approximation Algorithms,The vertex-cover problem,native,CLRSLean.FourthEdition.Chapter_35.Section_35_1_The_Vertex_Cover_Problem,CLRS fourth edition Section 35.1,"Native fourth-edition §35.1 The vertex-cover problem: APPROX-VERTEX-COVER and its 2-approximation guarantee (Lemma 35.1, Theorem 35.1)."
35,35.2,Approximation Algorithms,The traveling-salesperson problem,native,CLRSLean.FourthEdition.Chapter_35.Section_35_2_The_Traveling_Salesperson_Problem;CLRSLean.FourthEdition.Chapter_35.Section_35_2_The_Traveling_Salesperson_Problem.GraphExecution,CLRS fourth edition Section 35.2,"Native fourth-edition §35.2. GraphAdapter constructs the complete Fin n graph, executes Prim and roots selected MST edges internally; graphTour_two_approx needs only the root, Nat metric assumptions and comparator tour, not a supplied MST. Classical rooting/component construction has no runtime claim. Returned-family cardinality is proved equal to greedyCost and inherits both set-cover ratios. VertexCoverLP constructs graph constraints, invokes initialized Chapter29 SIMPLEX and rounds its returned real optimum; execute_correct proves coverage and factor two for nonnegative rational weights without a supplied LP bound. MAX-3-CNF uses unweighted Finset clauses and three distinct variables, excluding duplicate/weighted-clause objectives. Existing counted subset-sum FPTAS remains the imported execution theorem; allocation and bit costs are excluded."
35,35.3,Approximation Algorithms,The set-covering problem,native,CLRSLean.FourthEdition.Chapter_35.Section_35_3_The_Set_Covering_Problem;CLRSLean.FourthEdition.Chapter_35.Section_35_3_The_Set_Covering_Problem.ReturnedFamily,CLRS fourth edition Section 35.3,"Native fourth-edition §35.3. GraphAdapter constructs the complete Fin n graph, executes Prim and roots selected MST edges internally; graphTour_two_approx needs only the root, Nat metric assumptions and comparator tour, not a supplied MST. Classical rooting/component construction has no runtime claim. Returned-family cardinality is proved equal to greedyCost and inherits both set-cover ratios. VertexCoverLP constructs graph constraints, invokes initialized Chapter29 SIMPLEX and rounds its returned real optimum; execute_correct proves coverage and factor two for nonnegative rational weights without a supplied LP bound. MAX-3-CNF uses unweighted Finset clauses and three distinct variables, excluding duplicate/weighted-clause objectives. Existing counted subset-sum FPTAS remains the imported execution theorem; allocation and bit costs are excluded."
35,35.4,Approximation Algorithms,Randomization and linear programming,native,CLRSLean.FourthEdition.Chapter_35.Section_35_4_Randomization_And_Linear_Programming;CLRSLean.FourthEdition.Chapter_35.Section_35_4_Randomization_And_Linear_Programming.VertexCoverLP,CLRS fourth edition Section 35.4,"Native fourth-edition §35.4. GraphAdapter constructs the complete Fin n graph, executes Prim and roots selected MST edges internally; graphTour_two_approx needs only the root, Nat metric assumptions and comparator tour, not a supplied MST. Classical rooting/component construction has no runtime claim. Returned-family cardinality is proved equal to greedyCost and inherits both set-cover ratios. VertexCoverLP constructs graph constraints, invokes initialized Chapter29 SIMPLEX and rounds its returned real optimum; execute_correct proves coverage and factor two for nonnegative rational weights without a supplied LP bound. MAX-3-CNF uses unweighted Finset clauses and three distinct variables, excluding duplicate/weighted-clause objectives. Existing counted subset-sum FPTAS remains the imported execution theorem; allocation and bit costs are excluded."
35,35.5,Approximation Algorithms,The subset-sum problem,native,CLRSLean.FourthEdition.Chapter_35.Section_35_5_The_Subset_Sum_Problem,CLRS fourth edition Section 35.5,"Native fourth-edition §35.5 The subset-sum problem: TRIM (Lemma 35.5), the (1+ε)-approximation (Theorem 35.7), and the FPTAS running-time analysis (Theorem 35.8)."
0,online:fibonacci-heaps,Online and Supplementary Material,Fibonacci heaps,online-material,CLRSLean.Chapter_19,CLRS third edition Chapter 19,Official fourth-edition online material; excluded from canonical Chapter 19 counts.
0,online:van-emde-boas-trees,Online and Supplementary Material,van Emde Boas trees,online-material,CLRSLean.Chapter_20,CLRS third edition Chapter 20,Official fourth-edition online material; excluded from canonical Chapter 20 counts.
0,online:computational-geometry,Online and Supplementary Material,Computational geometry,online-material,CLRSLean.Chapter_33,CLRS third edition Chapter 33,Official fourth-edition online material; shared-endpoint segment intersection is proved; excluded from canonical Chapter 33 counts.
0,online:maximum-subarray,Online and Supplementary Material,Maximum subarray,online-material,CLRSLean.Chapter_04.Section_04_1_Maximum_Subarray,CLRS third edition Section 4.1,Moved out of the fourth-edition main chapter; removed from canonical Chapter 4 counts.
0,online:matroids,Online and Supplementary Material,Matroids and weighted greedy,online-material,CLRSLean.Chapter_16.Section_16_4_Matroids,CLRS third edition Section 16.4,Supplementary to the fourth-edition greedy chapter; removed from canonical Chapter 15 counts.
0,online:task-scheduling,Online and Supplementary Material,Unit-time task scheduling,online-material,CLRSLean.Chapter_16.Section_16_5_Task_Scheduling,CLRS third edition Section 16.5,Supplementary to the fourth-edition greedy chapter; removed from canonical Chapter 15 counts.
0,online:simplex,Online and Supplementary Material,The detailed simplex algorithm,online-material,CLRSLean.Chapter_29.Section_29_3_The_Simplex_Algorithm,CLRS third edition Section 29.3,Moved to online material in the fourth edition; removed from canonical Chapter 29 counts.
0,online:initial-simplex,Online and Supplementary Material,The initial basic feasible solution,online-material,CLRSLean.Chapter_29.Section_29_5_The_Initial_Basic_Feasible_Solution,CLRS third edition Section 29.5,Moved to online material in the fourth edition; removed from canonical Chapter 29 counts.
0,online:iterative-fft,Online and Supplementary Material,Bit reversal and iterative FFT,online-material,CLRSLean.Chapter_30.Section_30_3_Efficient_FFT_Implementations.BitReversal; CLRSLean.Chapter_30.Section_30_3_Efficient_FFT_Implementations.IterativeFFT,CLRS third edition Section 30.3,Iterative implementation material retained online; FFT-circuit results remain counted in canonical Chapter 30.
0,online:integer-factorization,Online and Supplementary Material,Integer factorization,online-material,CLRSLean.Chapter_31.Section_31_9_Integer_Factorization,CLRS third edition Section 31.9,Moved out of the fourth-edition main chapter; removed from canonical Chapter 31 counts.
